,subway line,lat,long,stop_name,county,census,GEO.display-label,GEOid2,Information_Industry_#,Information_Industry_%,HHI_200+_#,HHI_200+_%,2015_med_inc
0,1,40.879091,-73.904538,231 St.,5,36005028300,"Census Tract 283, Bronx County, New York",36005028300,33,2.6,0,0,24759
1,1,40.885226,-73.900439,238 St.,5,36005028300,"Census Tract 283, Bronx County, New York",36005028300,33,2.6,0,0,24759
2,1,40.889946,-73.897798,Van Cortlandt Park-242 St.,5,36005028500,"Census Tract 285, Bronx County, New York",36005028500,56,3.4,31,2,54232
3,2,40.818405,-73.927101,149 St.-Grand Concourse,5,36005005100,"Census Tract 51, Bronx County, New York",36005005100,7,0.4,0,0,18633
4,4,40.813091,-73.929689,138 St.,5,36005005100,"Census Tract 51, Bronx County, New York",36005005100,7,0.4,0,0,18633
5,4,40.818405,-73.927101,149 St.-Grand Concourse,5,36005005100,"Census Tract 51, Bronx County, New York",36005005100,7,0.4,0,0,18633
6,5,40.813091,-73.929689,138 St.-Grand Concourse,5,36005005100,"Census Tract 51, Bronx County, New York",36005005100,7,0.4,0,0,18633
7,5,40.818405,-73.927101,149 St.-Grand Concourse,5,36005005100,"Census Tract 51, Bronx County, New York",36005005100,7,0.4,0,0,18633
8,2,40.816265,-73.917456,3 Ave.-149 St.,5,36005006500,"Census Tract 65, Bronx County, New York",36005006500,37,1.7,12,0.6,21384
9,5,40.816265,-73.917456,3 Ave.-149 St.,5,36005006500,"Census Tract 65, Bronx County, New York",36005006500,37,1.7,12,0.6,21384
10,2,40.816873,-73.907379,Jackson Ave.,5,36005007500,"Census Tract 75, Bronx County, New York",36005007500,24,1.2,12,0.6,25452
11,5,40.816873,-73.907379,Jackson Ave.,5,36005007500,"Census Tract 75, Bronx County, New York",36005007500,24,1.2,12,0.6,25452
12,2,40.819684,-73.901348,Prospect Ave.,5,36005008700,"Census Tract 87, Bronx County, New York",36005008700,56,2.5,0,0,29188
13,5,40.819684,-73.901348,Prospect Ave.,5,36005008700,"Census Tract 87, Bronx County, New York",36005008700,56,2.5,0,0,29188
14,2,40.8224,-73.896508,Intervale Ave.,5,36005012901,"Census Tract 129.01, Bronx County, New York",36005012901,8,0.8,0,0,18269
15,5,40.8224,-73.896508,Intervale Ave.,5,36005012901,"Census Tract 129.01, Bronx County, New York",36005012901,8,0.8,0,0,18269
16,2,40.824358,-73.892724,Simpson St.,5,36005012701,"Census Tract 127.01, Bronx County, New York",36005012701,11,1.7,0,0,18641
17,5,40.824358,-73.892724,Simpson St.,5,36005012701,"Census Tract 127.01, Bronx County, New York",36005012701,11,1.7,0,0,18641
18,2,40.830177,-73.891482,Freeman St.,5,36005012300,"Census Tract 123, Bronx County, New York",36005012300,36,2.4,15,1,21300
19,5,40.830177,-73.891482,Freeman St.,5,36005012300,"Census Tract 123, Bronx County, New York",36005012300,36,2.4,15,1,21300
20,6,40.827295,-73.886082,Whitlock Ave.,5,36005012300,"Census Tract 123, Bronx County, New York",36005012300,36,2.4,15,1,21300
21,2,40.837306,-73.887287,174 St.,5,36005016100,"Census Tract 161, Bronx County, New York",36005016100,46,3.1,0,0,12467
22,5,40.837306,-73.887287,174 St.,5,36005016100,"Census Tract 161, Bronx County, New York",36005016100,46,3.1,0,0,12467
23,2,40.841078,-73.879397,West Farms Square-E Tremont Ave.,5,36005036100,"Census Tract 361, Bronx County, New York",36005036100,0,0,0,0,18799
24,5,40.841078,-73.879397,West Farms Square-E Tremont Ave.,5,36005036100,"Census Tract 361, Bronx County, New York",36005036100,0,0,0,0,18799
25,2,40.841453,-73.872892,E 180 St.,5,36005022000,"Census Tract 220, Bronx County, New York",36005022000,16,1.9,0,0,23167
26,5,40.841453,-73.872892,E 180 St.,5,36005022000,"Census Tract 220, Bronx County, New York",36005022000,16,1.9,0,0,23167
27,2,40.849128,-73.868213,Bronx Park East,5,36005023000,"Census Tract 230, Bronx County, New York",36005023000,16,1.1,0,0,43929
28,2,40.858029,-73.867481,Pelham Parkway,5,36005033000,"Census Tract 330, Bronx County, New York",36005033000,38,1.4,0,0,37811
29,2,40.865462,-73.867352,Allerton Ave.,5,36005033000,"Census Tract 330, Bronx County, New York",36005033000,38,1.4,0,0,37811
30,2,40.871215,-73.867043,Burke Ave.,5,36005033800,"Census Tract 338, Bronx County, New York",36005033800,0,0,8,0.6,37043
31,2,40.877779,-73.866185,Gun Hill Rd.,5,36005037800,"Census Tract 378, Bronx County, New York",36005037800,25,2,0,0,35625
32,2,40.883439,-73.862743,219 St.,5,36005039000,"Census Tract 390, Bronx County, New York",36005039000,15,1.2,23,2.3,32364
33,2,40.88766,-73.860444,225 St.,5,36005040600,"Census Tract 406, Bronx County, New York",36005040600,3,0.2,39,3.3,44773
34,2,40.89337,-73.857265,233 St.,5,36005042200,"Census Tract 422, Bronx County, New York",36005042200,14,1,9,0.8,51701
35,2,40.898323,-73.854288,Nereid Ave.,5,36005043400,"Census Tract 434, Bronx County, New York",36005043400,61,3.7,5,0.4,43722
36,2,40.903509,-73.850124,Wakefield-241 St.,5,36005044200,"Census Tract 442, Bronx County, New York",36005044200,11,0.7,8,0.7,38603
37,4,40.827707,-73.9259,161 St.-Yankee Stadium,5,36005006300,"Census Tract 63, Bronx County, New York",36005006300,44,2.2,30,1.6,32064
38,D,40.827707,-73.9259,161 St.-Yankee Stadium,5,36005006300,"Census Tract 63, Bronx County, New York",36005006300,44,2.2,30,1.6,32064
39,4,40.835726,-73.921059,167 St.,5,36005019700,"Census Tract 197, Bronx County, New York",36005019700,119,4.4,30,1.4,25875
40,4,40.840076,-73.917648,170 St.,5,36005022101,"Census Tract 221.01, Bronx County, New York",36005022101,0,0,0,0,25870
41,4,40.844389,-73.914578,Mount Eden Ave.,5,36005022702,"Census Tract 227.02, Bronx County, New York",36005022702,0,0,0,0,23500
42,4,40.848501,-73.911633,176 St.,5,36005022701,"Census Tract 227.01, Bronx County, New York",36005022701,9,0.4,0,0,29426
43,4,40.853596,-73.907393,Burnside Ave.,5,36005024100,"Census Tract 241, Bronx County, New York",36005024100,23,0.9,0,0,23856
44,4,40.858453,-73.90369,183 St.,5,36005023900,"Census Tract 239, Bronx County, New York",36005023900,74,2.3,0,0,20985
45,4,40.862814,-73.900815,Fordham Rd.,5,36005040100,"Census Tract 401, Bronx County, New York",36005040100,0,0,9,0.6,33487
46,4,40.867766,-73.897039,Kingsbridge Rd.,5,36005040304,"Census Tract 403.04, Bronx County, New York",36005040304,11,0.6,0,0,34643
47,4,40.873528,-73.889754,Bedford Park Blvd.-Lehman College,5,36005040900,"Census Tract 409, Bronx County, New York",36005040900,19,1.4,7,0.5,46278
48,4,40.879899,-73.884244,Mosholu Parkway,5,36005041900,"Census Tract 419, Bronx County, New York",36005041900,30,1,21,0.8,45127
49,4,40.886737,-73.87812,Woodlawn,5,36005043100,"Census Tract 431, Bronx County, New York",36005043100,53,1.3,17,0.5,31028
50,5,40.854544,-73.860248,Morris Park,5,36005024800,"Census Tract 248, Bronx County, New York",36005024800,23,1.6,43,3.7,52279
51,5,40.858804,-73.855515,Pelham Parkway,5,36005032600,"Census Tract 326, Bronx County, New York",36005032600,42,3.1,27,2.7,56429
52,5,40.870039,-73.845724,Gun Hill Rd.,5,36005035000,"Census Tract 350, Bronx County, New York",36005035000,0,0,15,2.4,52344
53,5,40.879519,-73.837958,Baychester Ave.,5,36005046202,"Census Tract 462.02, Bronx County, New York",36005046202,42,1.2,71,2.8,40497
54,5,40.88798,-73.831195,Eastchester-Dyre Ave.,5,36005048400,"Census Tract 484, Bronx County, New York",36005048400,34,1.6,37,3,69701
55,6,40.810831,-73.926655,3 Ave.-138 St.,5,36005003900,"Census Tract 39, Bronx County, New York",36005003900,23,0.8,24,1.3,25990
56,6,40.80758,-73.918957,Brook Ave.,5,36005003900,"Census Tract 39, Bronx County, New York",36005003900,23,0.8,24,1.3,25990
57,6,40.805155,-73.913208,Cypress Ave.,5,36005002702,"Census Tract 27.02, Bronx County, New York",36005002702,55,3.5,0,0,17147
58,6,40.80834,-73.907618,E 143 St.-Saint Mary's St.,5,36005003100,"Census Tract 31, Bronx County, New York",36005003100,0,0,0,0,37250
59,6,40.812367,-73.903797,E 149 St.,5,36005008300,"Census Tract 83, Bronx County, New York",36005008300,0,0,47,2.2,19818
60,6,40.816367,-73.895924,Longwood Ave.,5,36005008900,"Census Tract 89, Bronx County, New York",36005008900,35,3,0,0,20849
61,6,40.820819,-73.890442,Hunts Point Ave.,5,36005011900,"Census Tract 119, Bronx County, New York",36005011900,10,0.5,15,0.8,22097
62,6,40.828688,-73.879018,Elder Ave.,5,36005005400,"Census Tract 54, Bronx County, New York",36005005400,14,0.5,0,0,27380
63,6,40.829641,-73.874447,Morrison Ave.-Soundview,5,36005006200,"Census Tract 62, Bronx County, New York",36005006200,119,4.3,0,0,24480
64,6,40.831466,-73.86741,Saint Lawrence Ave.,5,36005007000,"Census Tract 70, Bronx County, New York",36005007000,17,0.9,0,0,34191
65,6,40.833225,-73.860888,Parkchester,5,36005007200,"Census Tract 72, Bronx County, New York",36005007200,13,0.6,0,0,37634
66,6,40.834321,-73.85144,Castle Hill Ave.,5,36005020601,"Census Tract 206.01, Bronx County, New York",36005020601,68,5,38,4.5,76429
67,6,40.836954,-73.846653,Zerega Ave.,5,36005020200,"Census Tract 202, Bronx County, New York",36005020200,50,5.1,4,0.5,38487
68,6,40.840128,-73.842875,Westchester Square-E Tremont Ave.,5,36005020000,"Census Tract 200, Bronx County, New York",36005020000,38,1.8,39,2.6,44771
69,6,40.843935,-73.836386,Middletown Rd.,5,36005026601,"Census Tract 266.01, Bronx County, New York",36005026601,20,1.4,8,0.6,52450
70,6,40.847185,-73.832264,Buhre Ave.,5,36005026601,"Census Tract 266.01, Bronx County, New York",36005026601,20,1.4,8,0.6,52450
71,6,40.853041,-73.826991,Pelham Bay Park,5,36005027600,"Census Tract 276, Bronx County, New York",36005027600,0,0,0,0,54167
72,B,40.828011,-73.925588,161 St.-Yankee Stadium,5,36005019500,"Census Tract 195, Bronx County, New York",36005019500,40,1.4,3,0.1,26706
73,B,40.834609,-73.917245,167 St.,5,36005017901,"Census Tract 179.01, Bronx County, New York",36005017901,7,0.4,0,0,21376
74,D,40.834609,-73.917245,167 St.,5,36005017901,"Census Tract 179.01, Bronx County, New York",36005017901,7,0.4,0,0,21376
75,B,40.839751,-73.912743,170 St.,5,36005022500,"Census Tract 225, Bronx County, New York",36005022500,75,2.6,25,1.1,29302
76,D,40.839751,-73.912743,170 St.,5,36005022500,"Census Tract 225, Bronx County, New York",36005022500,75,2.6,25,1.1,29302
77,B,40.846354,-73.909047,174-175 Sts.,5,36005022901,"Census Tract 229.01, Bronx County, New York",36005022901,56,2.6,11,0.6,24115
78,D,40.846354,-73.909047,174-175 Sts.,5,36005022901,"Census Tract 229.01, Bronx County, New York",36005022901,56,2.6,11,0.6,24115
79,B,40.851176,-73.904263,Tremont Ave.,5,36005023502,"Census Tract 235.02, Bronx County, New York",36005023502,8,0.4,0,0,21582
80,D,40.851176,-73.904263,Tremont Ave.,5,36005023502,"Census Tract 235.02, Bronx County, New York",36005023502,8,0.4,0,0,21582
81,B,40.856039,-73.900449,182-183 Sts.,5,36005038301,"Census Tract 383.01, Bronx County, New York",36005038301,16,0.9,35,2.3,26295
82,D,40.856039,-73.900449,182-183 Sts.,5,36005038301,"Census Tract 383.01, Bronx County, New York",36005038301,16,0.9,35,2.3,26295
83,B,40.862608,-73.896662,Fordham Rd.,5,36005039901,"Census Tract 399.01, Bronx County, New York",36005039901,55,3.5,0,0,22747
84,D,40.862608,-73.896662,Fordham Rd.,5,36005039901,"Census Tract 399.01, Bronx County, New York",36005039901,55,3.5,0,0,22747
85,B,40.867688,-73.892739,Kingsbridge Rd.,5,36005040302,"Census Tract 403.02, Bronx County, New York",36005040302,0,0,7,0.5,25724
86,D,40.867688,-73.892739,Kingsbridge Rd.,5,36005040302,"Census Tract 403.02, Bronx County, New York",36005040302,0,0,7,0.5,25724
87,B,40.874025,-73.886466,Bedford Park Blvd.,5,36005041300,"Census Tract 413, Bronx County, New York",36005041300,60,1.7,53,1.9,38796
88,D,40.874025,-73.886466,Bedford Park Blvd.,5,36005041300,"Census Tract 413, Bronx County, New York",36005041300,60,1.7,53,1.9,38796
89,D,40.874902,-73.879267,Norwood-205 St.,5,36005042300,"Census Tract 423, Bronx County, New York",36005042300,0,0,30,2.1,31786
90,7,40.742496,-73.952482,Vernon Blvd.-Jackson Ave.,81,36081000700,"Census Tract 7, Queens County, New York",36081000700,317,8.2,487,16.5,93670
91,7,40.742405,-73.94811,Hunters Point Ave.,81,36081001900,"Census Tract 19, Queens County, New York",36081001900,86,7.2,166,18.9,117788
92,7,40.747371,-73.944287,Court Square,81,36081001900,"Census Tract 19, Queens County, New York",36081001900,86,7.2,166,18.9,117788
93,E,40.747371,-73.944287,Court Square,81,36081001900,"Census Tract 19, Queens County, New York",36081001900,86,7.2,166,18.9,117788
94,E,40.748807,-73.937057,Queens Plaza,81,36081001900,"Census Tract 19, Queens County, New York",36081001900,86,7.2,166,18.9,117788
95,G,40.744552,-73.948425,21 St.,81,36081001900,"Census Tract 19, Queens County, New York",36081001900,86,7.2,166,18.9,117788
96,G,40.747371,-73.944287,Court Square,81,36081001900,"Census Tract 19, Queens County, New York",36081001900,86,7.2,166,18.9,117788
97,M,40.747371,-73.944287,Court Square,81,36081001900,"Census Tract 19, Queens County, New York",36081001900,86,7.2,166,18.9,117788
98,M,40.748807,-73.937057,Queens Plaza,81,36081001900,"Census Tract 19, Queens County, New York",36081001900,86,7.2,166,18.9,117788
99,R,40.749907,-73.937057,Queens Plaza,81,36081001900,"Census Tract 19, Queens County, New York",36081001900,86,7.2,166,18.9,117788
100,7,40.750835,-73.939671,Queensboro Plaza,81,36081003300,"Census Tract 33, Queens County, New York",36081003300,104,6.2,78,7.1,54025
101,F,40.754255,-73.941935,21 St.-Queensbridge,81,36081003300,"Census Tract 33, Queens County, New York",36081003300,104,6.2,78,7.1,54025
102,N,40.750835,-73.939671,Queensboro Plaza,81,36081003300,"Census Tract 33, Queens County, New York",36081003300,104,6.2,78,7.1,54025
103,Q,40.750835,-73.939671,Queensboro Plaza,81,36081003300,"Census Tract 33, Queens County, New York",36081003300,104,6.2,78,7.1,54025
104,7,40.744724,-73.931533,33 St.-Rawson St.,81,36081017900,"Census Tract 179, Queens County, New York",36081017900,15,2.6,0,0,41544
105,7,40.743882,-73.924112,40 St.-Lowery St.,81,36081018101,"Census Tract 181.01, Queens County, New York",36081018101,109,5,4,0.2,50850
106,7,40.743217,-73.918564,46 St.-Bliss St.,81,36081025301,"Census Tract 253.01, Queens County, New York",36081025301,100,4.1,66,3.6,51302
107,7,40.743933,-73.913003,52 St.,81,36081025302,"Census Tract 253.02, Queens County, New York",36081025302,174,9.3,33,3.1,56676
108,7,40.745717,-73.903063,Woodside-61 St.,81,36081026100,"Census Tract 261, Queens County, New York",36081026100,35,1.2,75,3.3,39852
109,7,40.746509,-73.896268,69 St.,81,36081026300,"Census Tract 263, Queens County, New York",36081026300,65,1.9,102,4.9,44935
110,7,40.747025,-73.891413,74 St.-Broadway,81,36081028900,"Census Tract 289, Queens County, New York",36081028900,27,0.9,102,4.7,61011
111,E,40.747238,-73.892146,Jackson Heights-Roosevelt Ave.,81,36081028900,"Census Tract 289, Queens County, New York",36081028900,27,0.9,102,4.7,61011
112,F,40.747238,-73.892146,Jackson Heights-Roosevelt Ave.,81,36081028900,"Census Tract 289, Queens County, New York",36081028900,27,0.9,102,4.7,61011
113,M,40.747238,-73.892146,Jackson Heights-Roosevelt Ave.,81,36081028900,"Census Tract 289, Queens County, New York",36081028900,27,0.9,102,4.7,61011
114,R,40.747238,-73.892146,Jackson Heights-Roosevelt Ave.,81,36081028900,"Census Tract 289, Queens County, New York",36081028900,27,0.9,102,4.7,61011
115,7,40.747812,-73.883876,82 St.-Jackson Heights,81,36081028300,"Census Tract 283, Queens County, New York",36081028300,157,3.7,39,1.2,57158
116,7,40.748318,-73.876432,90 St.-Elmhurst Ave.,81,36081027100,"Census Tract 271, Queens County, New York",36081027100,35,0.8,103,3.7,51276
117,7,40.749095,-73.86912,Junction Blvd.,81,36081037500,"Census Tract 375, Queens County, New York",36081037500,34,1.8,18,2,45655
118,7,40.749787,-73.862389,103 St.-Corona Plaza,81,36081040500,"Census Tract 405, Queens County, New York",36081040500,18,1.2,0,0,42557
119,7,40.751551,-73.855628,111 St.,81,36081039900,"Census Tract 399, Queens County, New York",36081039900,28,1.4,21,2.1,46362
120,7,40.759946,-73.828414,Flushing-Main St.,81,36081085300,"Census Tract 853, Queens County, New York",36081085300,87,3.7,43,2.4,37275
121,A,40.604657,-73.754178,Far Rockaway-Mott Ave.,81,36081100802,"Census Tract 1008.02, Queens County, New York",36081100802,16,0.4,29,1.2,59544
122,A,40.59967,-73.761596,Beach 25 St.,81,36081099200,"Census Tract 992, Queens County, New York",36081099200,27,1.7,12,0.9,39271
123,A,40.595469,-73.767919,Beach 36 St.,81,36081099200,"Census Tract 992, Queens County, New York",36081099200,27,1.7,12,0.9,39271
124,A,40.592897,-73.775715,Beach 44 St.,81,36081097202,"Census Tract 972.02, Queens County, New York",36081097202,6,0.7,5,0.6,35531
125,A,40.592292,-73.789153,Beach 60 St.,81,36081096400,"Census Tract 964, Queens County, New York",36081096400,60,3.6,9,0.7,58320
126,A,40.591166,-73.796173,Beach 67 St.,81,36081095400,"Census Tract 954, Queens County, New York",36081095400,43,2.1,90,6.2,61458
127,A,40.608007,-73.815967,Broad Channel,81,36081107201,"Census Tract 1072.01, Queens County, New York",36081107201,37,4,23,2.7,71667
128,A,40.660372,-73.830369,Howard Beach-J.F.K. Airport,81,36081088400,"Census Tract 884, Queens County, New York",36081088400,37,1.2,82,3.1,76420
129,A,40.669339,-73.834721,Aqueduct-North Conduit Ave.,81,36081008800,"Census Tract 88, Queens County, New York",36081008800,19,1.1,107,9,80363
130,A,40.680158,-73.845131,Rockaway Blvd.,81,36081005400,"Census Tract 54, Queens County, New York",36081005400,41,1.6,57,3.5,58125
131,A,40.679828,-73.850401,88 St.,81,36081005400,"Census Tract 54, Queens County, New York",36081005400,41,1.6,57,3.5,58125
132,A,40.679361,-73.860284,80 St.,81,36081004401,"Census Tract 44.01, Queens County, New York",36081004401,18,1.1,21,2.2,53333
133,E,40.721916,-73.844352,Forest Hills-71 Ave.,81,36081073900,"Census Tract 739, Queens County, New York",36081073900,184,6.5,274,9.9,74435
134,F,40.721916,-73.844352,Forest Hills-71 Ave.,81,36081073900,"Census Tract 739, Queens County, New York",36081073900,184,6.5,274,9.9,74435
135,M,40.721916,-73.844352,Forest Hills-71 Ave.,81,36081073900,"Census Tract 739, Queens County, New York",36081073900,184,6.5,274,9.9,74435
136,R,40.721916,-73.844352,Forest Hills-71 Ave.,81,36081073900,"Census Tract 739, Queens County, New York",36081073900,184,6.5,274,9.9,74435
137,E,40.719061,-73.837916,75 Ave.,81,36081075701,"Census Tract 757.01, Queens County, New York",36081075701,179,6.5,195,7.4,69375
138,F,40.719061,-73.837916,75 Ave.,81,36081075701,"Census Tract 757.01, Queens County, New York",36081075701,179,6.5,195,7.4,69375
139,E,40.713663,-73.830011,Kew Gardens-Union Turnpike,81,36081021600,"Census Tract 216, Queens County, New York",36081021600,67,3.1,88,4.7,59152
140,F,40.713663,-73.830011,Kew Gardens-Union Turnpike,81,36081021600,"Census Tract 216, Queens County, New York",36081021600,67,3.1,88,4.7,59152
141,E,40.701263,-73.816372,Jamaica-Van Wyck,81,36081014202,"Census Tract 142.02, Queens County, New York",36081014202,17,1.5,10,1.7,62656
142,E,40.700554,-73.807353,Sutphin Blvd.-Archer Ave.-J.F.K. Airport,81,36081020800,"Census Tract 208, Queens County, New York",36081020800,9,0.7,15,2.2,58235
143,J,40.700554,-73.807353,Sutphin Blvd.-Archer Ave.-J.F.K. Airport,81,36081020800,"Census Tract 208, Queens County, New York",36081020800,9,0.7,15,2.2,58235
144,Z,40.700554,-73.807353,Sutphin Blvd.-Archer Ave.-J.F.K. Airport,81,36081020800,"Census Tract 208, Queens County, New York",36081020800,9,0.7,15,2.2,58235
145,E,40.701874,-73.801747,Jamaica Center-Parsons-Archer,81,36081024000,"Census Tract 240, Queens County, New York",36081024000,21,0.8,24,1.2,39856
146,J,40.701874,-73.801747,Jamaica Center-Parsons-Archer,81,36081024000,"Census Tract 240, Queens County, New York",36081024000,21,0.8,24,1.2,39856
147,Z,40.701874,-73.801747,Jamaica Center-Parsons-Archer,81,36081024000,"Census Tract 240, Queens County, New York",36081024000,21,0.8,24,1.2,39856
148,F,40.709316,-73.819773,Briarwood-Van Wyck Blvd.,81,36081022001,"Census Tract 220.01, Queens County, New York",36081022001,52,1.6,33,1.2,61867
149,F,40.705341,-73.81186,Sutphin Blvd.,81,36081023800,"Census Tract 238, Queens County, New York",36081023800,17,0.7,11,0.8,38750
150,F,40.707062,-73.804332,Parsons Blvd.,81,36081023600,"Census Tract 236, Queens County, New York",36081023600,12,0.9,38,4.9,50991
151,F,40.709852,-73.794564,169 St.,81,36081046000,"Census Tract 460, Queens County, New York",36081046000,60,2.3,7,0.4,28113
152,F,40.712581,-73.783377,Jamaica-179 St.,81,36081046800,"Census Tract 468, Queens County, New York",36081046800,0,0,7,0.7,42089
153,J,40.691285,-73.866425,75 St.-Elderts Ln.,81,36081000400,"Census Tract 4, Queens County, New York",36081000400,45,2.1,65,5.3,54773
154,Z,40.691285,-73.866425,75 St.-Elderts Ln.,81,36081000400,"Census Tract 4, Queens County, New York",36081000400,45,2.1,65,5.3,54773
155,J,40.692381,-73.858975,85 St.-Forest Parkway,81,36081001000,"Census Tract 10, Queens County, New York",36081001000,0,0,16,1.7,61900
156,J,40.694077,-73.850476,Woodhaven Blvd.,81,36081002000,"Census Tract 20, Queens County, New York",36081002000,7,0.8,31,6,77321
157,Z,40.694077,-73.850476,Woodhaven Blvd.,81,36081002000,"Census Tract 20, Queens County, New York",36081002000,7,0.8,31,6,77321
158,J,40.695267,-73.843223,104 St.,81,36081002600,"Census Tract 26, Queens County, New York",36081002600,6,0.5,36,5.5,73971
159,Z,40.695267,-73.843223,104 St.,81,36081002600,"Census Tract 26, Queens County, New York",36081002600,6,0.5,36,5.5,73971
160,J,40.696771,-73.837042,111 St.,81,36081012400,"Census Tract 124, Queens County, New York",36081012400,10,0.7,33,3.8,57261
161,J,40.70052,-73.829231,121 St.,81,36081014400,"Census Tract 144, Queens County, New York",36081014400,0,0,19,3.5,55341
162,Z,40.70052,-73.829231,121 St.,81,36081014400,"Census Tract 144, Queens County, New York",36081014400,0,0,19,3.5,55341
163,M,40.712082,-73.88954,Middle Village-Metropolitan Ave.,81,36081061301,"Census Tract 613.01, Queens County, New York",36081061301,106,3.7,53,2.5,52153
164,M,40.706115,-73.895559,Fresh Pond Rd.,81,36081061301,"Census Tract 613.01, Queens County, New York",36081061301,106,3.7,53,2.5,52153
165,M,40.704729,-73.902243,Forest Ave.,81,36081058900,"Census Tract 589, Queens County, New York",36081058900,9,0.5,0,0,38152
166,M,40.70278,-73.907515,Seneca Ave.,81,36081054900,"Census Tract 549, Queens County, New York",36081054900,46,1.9,15,0.9,40797
167,M,40.751868,-73.930585,36 St.,81,36081003100,"Census Tract 31, Queens County, New York",36081003100,9,1.3,17,3.8,56667
168,N,40.752901,-73.932903,39 Ave.,81,36081003100,"Census Tract 31, Queens County, New York",36081003100,9,1.3,17,3.8,56667
169,Q,40.752901,-73.932903,39 Ave.,81,36081003100,"Census Tract 31, Queens County, New York",36081003100,9,1.3,17,3.8,56667
170,R,40.751868,-73.930585,36 St.,81,36081003100,"Census Tract 31, Queens County, New York",36081003100,9,1.3,17,3.8,56667
171,M,40.758279,-73.919433,Steinway St.,81,36081015700,"Census Tract 157, Queens County, New York",36081015700,27,3.2,29,4.2,46632
172,R,40.758279,-73.919433,Steinway St.,81,36081015700,"Census Tract 157, Queens County, New York",36081015700,27,3.2,29,4.2,46632
173,M,40.756868,-73.914303,46 St.,81,36081015300,"Census Tract 153, Queens County, New York",36081015300,71,5.3,50,5.2,51144
174,R,40.756868,-73.914303,46 St.,81,36081015300,"Census Tract 153, Queens County, New York",36081015300,71,5.3,50,5.2,51144
175,M,40.753428,-73.906847,Northern Blvd.,81,36081029500,"Census Tract 295, Queens County, New York",36081029500,52,2.3,60,3.7,69539
176,R,40.753428,-73.906847,Northern Blvd.,81,36081029500,"Census Tract 295, Queens County, New York",36081029500,52,2.3,60,3.7,69539
177,M,40.74933,-73.897382,65 St.,81,36081029300,"Census Tract 293, Queens County, New York",36081029300,8,1.3,11,3.3,48355
178,R,40.74933,-73.897382,65 St.,81,36081029300,"Census Tract 293, Queens County, New York",36081029300,8,1.3,11,3.3,48355
179,M,40.742937,-73.882708,Elmhurst Ave.,81,36081026902,"Census Tract 269.02, Queens County, New York",36081026902,109,4.8,54,3.7,47024
180,R,40.742937,-73.882708,Elmhurst Ave.,81,36081026902,"Census Tract 269.02, Queens County, New York",36081026902,109,4.8,54,3.7,47024
181,M,40.736277,-73.876424,Grand Ave.-Newtown,81,36081047300,"Census Tract 473, Queens County, New York",36081047300,65,3.3,53,3.6,52500
182,R,40.736277,-73.876424,Grand Ave.-Newtown,81,36081047300,"Census Tract 473, Queens County, New York",36081047300,65,3.3,53,3.6,52500
183,M,40.733555,-73.869588,Woodhaven Blvd.,81,36081068300,"Census Tract 683, Queens County, New York",36081068300,88,3.9,26,1.6,63021
184,R,40.733555,-73.869588,Woodhaven Blvd.,81,36081068300,"Census Tract 683, Queens County, New York",36081068300,88,3.9,26,1.6,63021
185,M,40.730037,-73.861343,63 Dr.-Rego Park,81,36081071701,"Census Tract 717.01, Queens County, New York",36081071701,112,4.2,103,4.1,65250
186,R,40.730037,-73.861343,63 Dr.-Rego Park,81,36081071701,"Census Tract 717.01, Queens County, New York",36081071701,112,4.2,103,4.1,65250
187,M,40.727073,-73.853226,67 Ave.,81,36081071303,"Census Tract 713.03, Queens County, New York",36081071303,122,3.7,176,6.4,79447
188,R,40.727073,-73.853226,67 Ave.,81,36081071303,"Census Tract 713.03, Queens County, New York",36081071303,122,3.7,176,6.4,79447
189,N,40.756796,-73.92974,36 Ave.,81,36081005300,"Census Tract 53, Queens County, New York",36081005300,82,3.2,35,1.6,53496
190,Q,40.756796,-73.92974,36 Ave.,81,36081005300,"Census Tract 53, Queens County, New York",36081005300,82,3.2,35,1.6,53496
191,N,40.762217,-73.925349,Broadway,81,36081006100,"Census Tract 61, Queens County, New York",36081006100,199,5.3,256,9.1,59397
192,Q,40.762217,-73.925349,Broadway,81,36081006100,"Census Tract 61, Queens County, New York",36081006100,199,5.3,256,9.1,59397
193,N,40.766963,-73.921192,30 Ave.,81,36081007100,"Census Tract 71, Queens County, New York",36081007100,171,6.5,108,6.1,70407
194,Q,40.766963,-73.921192,30 Ave.,81,36081007100,"Census Tract 71, Queens County, New York",36081007100,171,6.5,108,6.1,70407
195,N,40.77087,-73.916935,Astoria Blvd.,81,36081012500,"Census Tract 125, Queens County, New York",36081012500,70,6.6,23,3.4,57593
196,Q,40.77087,-73.916935,Astoria Blvd.,81,36081012500,"Census Tract 125, Queens County, New York",36081012500,70,6.6,23,3.4,57593
197,N,40.775025,-73.911891,Astoria-Ditmars Blvd.,81,36081011500,"Census Tract 115, Queens County, New York",36081011500,145,9.1,40,4,63519
198,Q,40.775025,-73.911891,Astoria-Ditmars Blvd.,81,36081011500,"Census Tract 115, Queens County, New York",36081011500,145,9.1,40,4,63519
199,1,40.701961,-74.013397,South Ferry,61,36061000900,"Census Tract 9, New York County, New York",36061000900,89,7.9,289,38.1,147500
200,R,40.701938,-74.012588,Whitehall St.-South Ferry,61,36061000900,"Census Tract 9, New York County, New York",36061000900,89,7.9,289,38.1,147500
201,1,40.708107,-74.013445,Rector St.,61,36061001300,"Census Tract 13, New York County, New York",36061001300,118,3.5,720,29.7,123558
202,2,40.711026,-74.00919,Fulton St.,61,36061001300,"Census Tract 13, New York County, New York",36061001300,118,3.5,720,29.7,123558
203,3,40.711026,-74.00919,Fulton St.,61,36061001300,"Census Tract 13, New York County, New York",36061001300,118,3.5,720,29.7,123558
204,4,40.704629,-74.013502,Bowling Green,61,36061001300,"Census Tract 13, New York County, New York",36061001300,118,3.5,720,29.7,123558
205,4,40.708436,-74.011298,Wall St.,61,36061001300,"Census Tract 13, New York County, New York",36061001300,118,3.5,720,29.7,123558
206,4,40.711026,-74.00919,Fulton St.,61,36061001300,"Census Tract 13, New York County, New York",36061001300,118,3.5,720,29.7,123558
207,5,40.704629,-74.013502,Bowling Green,61,36061001300,"Census Tract 13, New York County, New York",36061001300,118,3.5,720,29.7,123558
208,5,40.708436,-74.011298,Wall St.,61,36061001300,"Census Tract 13, New York County, New York",36061001300,118,3.5,720,29.7,123558
209,5,40.711026,-74.00919,Fulton St.,61,36061001300,"Census Tract 13, New York County, New York",36061001300,118,3.5,720,29.7,123558
210,J,40.711026,-74.00919,Fulton St.,61,36061001300,"Census Tract 13, New York County, New York",36061001300,118,3.5,720,29.7,123558
211,R,40.706345,-74.014,Rector St.,61,36061001300,"Census Tract 13, New York County, New York",36061001300,118,3.5,720,29.7,123558
212,R,40.711065,-74.010644,Cortlandt St.,61,36061001300,"Census Tract 13, New York County, New York",36061001300,118,3.5,720,29.7,123558
213,Z,40.711026,-74.00919,Fulton St.,61,36061001300,"Census Tract 13, New York County, New York",36061001300,118,3.5,720,29.7,123558
214,1,40.715576,-74.009031,Chambers St.,61,36061002100,"Census Tract 21, New York County, New York",36061002100,139,3.3,1727,60,250000
215,2,40.712712,-74.007766,Park Place,61,36061002100,"Census Tract 21, New York County, New York",36061002100,139,3.3,1727,60,250000
216,2,40.715576,-74.009031,Chambers St.,61,36061002100,"Census Tract 21, New York County, New York",36061002100,139,3.3,1727,60,250000
217,3,40.712712,-74.007766,Park Place,61,36061002100,"Census Tract 21, New York County, New York",36061002100,139,3.3,1727,60,250000
218,3,40.715576,-74.009031,Chambers St.,61,36061002100,"Census Tract 21, New York County, New York",36061002100,139,3.3,1727,60,250000
219,A,40.714992,-74.007739,Chambers St.,61,36061002100,"Census Tract 21, New York County, New York",36061002100,139,3.3,1727,60,250000
220,C,40.714992,-74.007739,Chambers St.,61,36061002100,"Census Tract 21, New York County, New York",36061002100,139,3.3,1727,60,250000
221,E,40.713333,-74.009033,World Trade Center,61,36061002100,"Census Tract 21, New York County, New York",36061002100,139,3.3,1727,60,250000
222,1,40.719918,-74.00662,Franklin St.,61,36061003300,"Census Tract 33, New York County, New York",36061003300,313,9.6,1318,57.4,250000
223,A,40.720758,-74.005399,Canal St.,61,36061003300,"Census Tract 33, New York County, New York",36061003300,313,9.6,1318,57.4,250000
224,C,40.720758,-74.005399,Canal St.,61,36061003300,"Census Tract 33, New York County, New York",36061003300,313,9.6,1318,57.4,250000
225,E,40.720758,-74.005399,Canal St.,61,36061003300,"Census Tract 33, New York County, New York",36061003300,313,9.6,1318,57.4,250000
226,1,40.722497,-74.005994,Canal St.,61,36061003700,"Census Tract 37, New York County, New York",36061003700,240,14.7,436,32,129904
227,1,40.728656,-74.005086,Houston St.,61,36061006700,"Census Tract 67, New York County, New York",36061006700,385,10.4,697,21.4,88492
228,1,40.733402,-74.002748,Christopher St.-Sheridan Square,61,36061007300,"Census Tract 73, New York County, New York",36061007300,645,15.2,951,25.3,97149
229,1,40.737826,-74.000201,14 St.-7 Ave.,61,36061008100,"Census Tract 81, New York County, New York",36061008100,987,16.3,1278,26.1,111476
230,2,40.737826,-74.000201,14 St.-7 Ave.,61,36061008100,"Census Tract 81, New York County, New York",36061008100,987,16.3,1278,26.1,111476
231,3,40.737826,-74.000201,14 St.-7 Ave.,61,36061008100,"Census Tract 81, New York County, New York",36061008100,987,16.3,1278,26.1,111476
232,A,40.741046,-74.001284,14 St.-8th Ave.,61,36061008100,"Census Tract 81, New York County, New York",36061008100,987,16.3,1278,26.1,111476
233,C,40.741046,-74.001284,14 St.-8th Ave.,61,36061008100,"Census Tract 81, New York County, New York",36061008100,987,16.3,1278,26.1,111476
234,E,40.741046,-74.001284,14 St.-8th Ave.,61,36061008100,"Census Tract 81, New York County, New York",36061008100,987,16.3,1278,26.1,111476
235,1,40.741617,-73.997197,18 St.,61,36061008700,"Census Tract 87, New York County, New York",36061008700,593,11.3,1400,35.7,122569
236,1,40.74412,-73.995348,23 St.,61,36061009100,"Census Tract 91, New York County, New York",36061009100,307,6.1,1187,28.7,111505
237,C,40.746483,-73.997142,23 St.,61,36061009100,"Census Tract 91, New York County, New York",36061009100,307,6.1,1187,28.7,111505
238,E,40.746483,-73.997142,23 St.,61,36061009100,"Census Tract 91, New York County, New York",36061009100,307,6.1,1187,28.7,111505
239,1,40.747216,-73.993121,28 St.,61,36061009500,"Census Tract 95, New York County, New York",36061009500,36,2.2,498,40.7,145956
240,1,40.75102,-73.990323,34 St.-Penn Station,61,36061010900,"Census Tract 109, New York County, New York",36061010900,10,7.4,19,20.9,135750
241,2,40.75102,-73.990323,34 St.-Penn Station,61,36061010900,"Census Tract 109, New York County, New York",36061010900,10,7.4,19,20.9,135750
242,3,40.75102,-73.990323,34 St.-Penn Station,61,36061010900,"Census Tract 109, New York County, New York",36061010900,10,7.4,19,20.9,135750
243,1,40.754301,-73.986623,Times Square-42 St.,61,36061011300,"Census Tract 113, New York County, New York",36061011300,4,3.7,14,20.9,82361
244,2,40.754301,-73.986623,Times Square-42 St.,61,36061011300,"Census Tract 113, New York County, New York",36061011300,4,3.7,14,20.9,82361
245,3,40.754301,-73.986623,Times Square-42 St.,61,36061011300,"Census Tract 113, New York County, New York",36061011300,4,3.7,14,20.9,82361
246,7,40.754301,-73.986623,Times Square-42 St.,61,36061011300,"Census Tract 113, New York County, New York",36061011300,4,3.7,14,20.9,82361
247,N,40.754301,-73.986623,Times Square-42 St.,61,36061011300,"Census Tract 113, New York County, New York",36061011300,4,3.7,14,20.9,82361
248,Q,40.754301,-73.986623,Times Square-42 St.,61,36061011300,"Census Tract 113, New York County, New York",36061011300,4,3.7,14,20.9,82361
249,R,40.754301,-73.986623,Times Square-42 St.,61,36061011300,"Census Tract 113, New York County, New York",36061011300,4,3.7,14,20.9,82361
250,1,40.761212,-73.983357,50 St.,61,36061013100,"Census Tract 131, New York County, New York",36061013100,149,8.9,306,17.8,85195
251,B,40.762937,-73.981578,7 Ave.,61,36061013100,"Census Tract 131, New York County, New York",36061013100,149,8.9,306,17.8,85195
252,C,40.7629,-73.985412,50 St.,61,36061013100,"Census Tract 131, New York County, New York",36061013100,149,8.9,306,17.8,85195
253,D,40.762937,-73.981578,7 Ave.,61,36061013100,"Census Tract 131, New York County, New York",36061013100,149,8.9,306,17.8,85195
254,E,40.7629,-73.985412,50 St.,61,36061013100,"Census Tract 131, New York County, New York",36061013100,149,8.9,306,17.8,85195
255,E,40.762937,-73.981578,7 Ave.,61,36061013100,"Census Tract 131, New York County, New York",36061013100,149,8.9,306,17.8,85195
256,1,40.767367,-73.982137,59 St.-Columbus Circle,61,36061013700,"Census Tract 137, New York County, New York",36061013700,392,9.7,1265,35.4,142982
257,A,40.767367,-73.982137,59 St.-Columbus Circle,61,36061013700,"Census Tract 137, New York County, New York",36061013700,392,9.7,1265,35.4,142982
258,B,40.767367,-73.982137,59 St.-Columbus Circle,61,36061013700,"Census Tract 137, New York County, New York",36061013700,392,9.7,1265,35.4,142982
259,C,40.767367,-73.982137,59 St.-Columbus Circle,61,36061013700,"Census Tract 137, New York County, New York",36061013700,392,9.7,1265,35.4,142982
260,D,40.767367,-73.982137,59 St.-Columbus Circle,61,36061013700,"Census Tract 137, New York County, New York",36061013700,392,9.7,1265,35.4,142982
261,N,40.765639,-73.979764,57 St.-7 Ave.,61,36061013700,"Census Tract 137, New York County, New York",36061013700,392,9.7,1265,35.4,142982
262,Q,40.765639,-73.979764,57 St.-7 Ave.,61,36061013700,"Census Tract 137, New York County, New York",36061013700,392,9.7,1265,35.4,142982
263,R,40.765639,-73.979764,57 St.-7 Ave.,61,36061013700,"Census Tract 137, New York County, New York",36061013700,392,9.7,1265,35.4,142982
264,1,40.773457,-73.982004,66 St.-Lincoln Center,61,36061014900,"Census Tract 149, New York County, New York",36061014900,269,8.3,1270,41.8,154972
265,1,40.779146,-73.981822,72 St.,61,36061015900,"Census Tract 159, New York County, New York",36061015900,589,9.3,1493,28.1,117900
266,2,40.779146,-73.981822,72 St.,61,36061015900,"Census Tract 159, New York County, New York",36061015900,589,9.3,1493,28.1,117900
267,3,40.779146,-73.981822,72 St.,61,36061015900,"Census Tract 159, New York County, New York",36061015900,589,9.3,1493,28.1,117900
268,1,40.783985,-73.979662,79 St.,61,36061016700,"Census Tract 167, New York County, New York",36061016700,339,9,1118,34.9,113276
269,1,40.788272,-73.976083,86 St.,61,36061017500,"Census Tract 175, New York County, New York",36061017500,838,14.2,1516,31.8,137344
270,1,40.794312,-73.972015,96 St.,61,36061018300,"Census Tract 183, New York County, New York",36061018300,504,8.8,998,22.8,100956
271,2,40.794312,-73.972015,96 St.,61,36061018300,"Census Tract 183, New York County, New York",36061018300,504,8.8,998,22.8,100956
272,3,40.794312,-73.972015,96 St.,61,36061018300,"Census Tract 183, New York County, New York",36061018300,504,8.8,998,22.8,100956
273,1,40.799584,-73.968091,103 St.,61,36061019100,"Census Tract 191, New York County, New York",36061019100,482,8,1099,23.6,83188
274,1,40.804257,-73.966422,Cathedral Parkway (110 St.),61,36061019900,"Census Tract 199, New York County, New York",36061019900,495,11.9,648,19.5,76902
275,1,40.808245,-73.963495,116 St.-Columbia University,61,36061020300,"Census Tract 203, New York County, New York",36061020300,29,3.7,36,9.3,36667
276,1,40.81523,-73.958366,125 St.,61,36061021100,"Census Tract 211, New York County, New York",36061021100,177,4.1,356,8.7,53389
277,1,40.821454,-73.953856,137 St.-City College,61,36061022301,"Census Tract 223.01, New York County, New York",36061022301,177,4.1,54,2.3,37500
278,1,40.826513,-73.950162,145 St.,61,36061022900,"Census Tract 229, New York County, New York",36061022900,33,0.8,77,2.7,34898
279,1,40.83386,-73.94462,157 St.,61,36061024100,"Census Tract 241, New York County, New York",36061024100,70,1.6,118,3.7,47957
280,1,40.840717,-73.93972,168 St.,61,36061025100,"Census Tract 251, New York County, New York",36061025100,13,1.3,12,1.7,28688
281,C,40.840717,-73.93972,168 St.,61,36061025100,"Census Tract 251, New York County, New York",36061025100,13,1.3,12,1.7,28688
282,1,40.849435,-73.933428,181 St.,61,36061026900,"Census Tract 269, New York County, New York",36061026900,65,1.5,77,3,32585
283,1,40.856413,-73.932605,191 St.,61,36061027900,"Census Tract 279, New York County, New York",36061027900,218,3.6,34,0.9,48242
284,1,40.861187,-73.925078,Dyckman St.,61,36061028300,"Census Tract 283, New York County, New York",36061028300,131,3,30,1,49612
285,1,40.864599,-73.918681,207 St.,61,36061029900,"Census Tract 299, New York County, New York",36061029900,15,1,8,0.5,23661
286,1,40.869729,-73.914954,215 St.,61,36061029900,"Census Tract 299, New York County, New York",36061029900,15,1,8,0.5,23661
287,1,40.874308,-73.909795,Marble Hill-225 St.,61,36061030900,"Census Tract 309, New York County, New York",36061030900,118,2.9,54,1.6,27513
288,2,40.707431,-74.008778,Wall St.,61,36061000700,"Census Tract 7, New York County, New York",36061000700,490,7.6,1014,22.1,117841
289,3,40.707431,-74.008778,Wall St.,61,36061000700,"Census Tract 7, New York County, New York",36061000700,490,7.6,1014,22.1,117841
290,J,40.706911,-74.010494,Broad St.,61,36061000700,"Census Tract 7, New York County, New York",36061000700,490,7.6,1014,22.1,117841
291,Z,40.706911,-74.010494,Broad St.,61,36061000700,"Census Tract 7, New York County, New York",36061000700,490,7.6,1014,22.1,117841
292,2,40.799033,-73.952058,Central Park North (110 St.),61,36061021600,"Census Tract 216, New York County, New York",36061021600,222,5.3,283,8.5,46250
293,3,40.799033,-73.952058,Central Park North (110 St.),61,36061021600,"Census Tract 216, New York County, New York",36061021600,222,5.3,283,8.5,46250
294,2,40.802111,-73.949437,116 St.,61,36061019000,"Census Tract 190, New York County, New York",36061019000,64,4.1,186,13.5,58750
295,3,40.802111,-73.949437,116 St.,61,36061019000,"Census Tract 190, New York County, New York",36061019000,64,4.1,186,13.5,58750
296,2,40.807875,-73.945229,125 St.,61,36061020000,"Census Tract 200, New York County, New York",36061020000,63,3.5,145,10.8,66000
297,3,40.807875,-73.945229,125 St.,61,36061020000,"Census Tract 200, New York County, New York",36061020000,63,3.5,145,10.8,66000
298,2,40.814188,-73.940618,135 St.,61,36061021200,"Census Tract 212, New York County, New York",36061021200,55,2.8,17,0.7,52263
299,3,40.814188,-73.940618,135 St.,61,36061021200,"Census Tract 212, New York County, New York",36061021200,55,2.8,17,0.7,52263
300,3,40.820602,-73.935933,145 St.,61,36061023600,"Census Tract 236, New York County, New York",36061023600,60,2.5,25,0.8,36540
301,3,40.824069,-73.936981,Harlem-148 St.,61,36061023600,"Census Tract 236, New York County, New York",36061023600,60,2.5,25,0.8,36540
302,4,40.713899,-74.003642,Brooklyn Bridge-City Hall,61,36061003100,"Census Tract 31, New York County, New York",36061003100,43,3.5,324,44.4,183500
303,5,40.713899,-74.003642,Brooklyn Bridge-City Hall,61,36061003100,"Census Tract 31, New York County, New York",36061003100,43,3.5,324,44.4,183500
304,6,40.713899,-74.003642,Brooklyn Bridge-City Hall,61,36061003100,"Census Tract 31, New York County, New York",36061003100,43,3.5,324,44.4,183500
305,6,40.717823,-74.000326,Canal St.,61,36061003100,"Census Tract 31, New York County, New York",36061003100,43,3.5,324,44.4,183500
306,J,40.714199,-74.003187,Chambers St.,61,36061003100,"Census Tract 31, New York County, New York",36061003100,43,3.5,324,44.4,183500
307,J,40.717823,-74.000326,Canal St.,61,36061003100,"Census Tract 31, New York County, New York",36061003100,43,3.5,324,44.4,183500
308,N,40.717823,-74.000326,Canal St.,61,36061003100,"Census Tract 31, New York County, New York",36061003100,43,3.5,324,44.4,183500
309,Q,40.717823,-74.000326,Canal St.,61,36061003100,"Census Tract 31, New York County, New York",36061003100,43,3.5,324,44.4,183500
310,R,40.713521,-74.006697,City Hall,61,36061003100,"Census Tract 31, New York County, New York",36061003100,43,3.5,324,44.4,183500
311,R,40.717823,-74.000326,Canal St.,61,36061003100,"Census Tract 31, New York County, New York",36061003100,43,3.5,324,44.4,183500
312,Z,40.714199,-74.003187,Chambers St.,61,36061003100,"Census Tract 31, New York County, New York",36061003100,43,3.5,324,44.4,183500
313,Z,40.717823,-74.000326,Canal St.,61,36061003100,"Census Tract 31, New York County, New York",36061003100,43,3.5,324,44.4,183500
314,4,40.735184,-73.989793,14 St.-Union Square,61,36061005000,"Census Tract 50, New York County, New York",36061005000,251,7.5,757,26.6,102723
315,5,40.735184,-73.989793,14 St.-Union Square,61,36061005000,"Census Tract 50, New York County, New York",36061005000,251,7.5,757,26.6,102723
316,6,40.735184,-73.989793,14 St.-Union Square,61,36061005000,"Census Tract 50, New York County, New York",36061005000,251,7.5,757,26.6,102723
317,L,40.735184,-73.989793,14 St.-Union Square,61,36061005000,"Census Tract 50, New York County, New York",36061005000,251,7.5,757,26.6,102723
318,N,40.735184,-73.989793,14 St.-Union Square,61,36061005000,"Census Tract 50, New York County, New York",36061005000,251,7.5,757,26.6,102723
319,Q,40.735184,-73.989793,14 St.-Union Square,61,36061005000,"Census Tract 50, New York County, New York",36061005000,251,7.5,757,26.6,102723
320,R,40.735184,-73.989793,14 St.-Union Square,61,36061005000,"Census Tract 50, New York County, New York",36061005000,251,7.5,757,26.6,102723
321,4,40.75283,-73.978917,Grand Central-42 St.,61,36061009200,"Census Tract 92, New York County, New York",36061009200,115,8.1,317,27.5,122379
322,5,40.75283,-73.978917,Grand Central-42 St.,61,36061009200,"Census Tract 92, New York County, New York",36061009200,115,8.1,317,27.5,122379
323,6,40.75283,-73.978917,Grand Central-42 St.,61,36061009200,"Census Tract 92, New York County, New York",36061009200,115,8.1,317,27.5,122379
324,7,40.75283,-73.978917,Grand Central-42 St.,61,36061009200,"Census Tract 92, New York County, New York",36061009200,115,8.1,317,27.5,122379
325,4,40.762255,-73.965918,59 St.,61,36061011000,"Census Tract 110, New York County, New York",36061011000,532,10.4,1263,30.2,103797
326,5,40.762255,-73.965918,59 St.,61,36061011000,"Census Tract 110, New York County, New York",36061011000,532,10.4,1263,30.2,103797
327,6,40.762255,-73.965918,59 St.,61,36061011000,"Census Tract 110, New York County, New York",36061011000,532,10.4,1263,30.2,103797
328,N,40.762255,-73.965918,Lexington Ave.-59 St.,61,36061011000,"Census Tract 110, New York County, New York",36061011000,532,10.4,1263,30.2,103797
329,Q,40.762255,-73.965918,Lexington Ave.-59 St.,61,36061011000,"Census Tract 110, New York County, New York",36061011000,532,10.4,1263,30.2,103797
330,R,40.762255,-73.965918,Lexington Ave.-59 St.,61,36061011000,"Census Tract 110, New York County, New York",36061011000,532,10.4,1263,30.2,103797
331,4,40.779661,-73.955302,86 St.,61,36061014802,"Census Tract 148.02, New York County, New York",36061014802,260,6.5,964,29.4,109493
332,5,40.779661,-73.955302,86 St.,61,36061014802,"Census Tract 148.02, New York County, New York",36061014802,260,6.5,964,29.4,109493
333,6,40.779661,-73.955302,86 St.,61,36061014802,"Census Tract 148.02, New York County, New York",36061014802,260,6.5,964,29.4,109493
334,4,40.804517,-73.937186,125 St.,61,36061019600,"Census Tract 196, New York County, New York",36061019600,84,5.1,59,3.7,19045
335,5,40.804517,-73.937186,125 St.,61,36061019600,"Census Tract 196, New York County, New York",36061019600,84,5.1,59,3.7,19045
336,6,40.804517,-73.937186,125 St.,61,36061019600,"Census Tract 196, New York County, New York",36061019600,84,5.1,59,3.7,19045
337,6,40.722235,-73.996818,Spring St.,61,36061004300,"Census Tract 43, New York County, New York",36061004300,228,8.4,391,16.9,71635
338,N,40.72422,-73.997633,Prince St.,61,36061004300,"Census Tract 43, New York County, New York",36061004300,228,8.4,391,16.9,71635
339,R,40.72422,-73.997633,Prince St.,61,36061004300,"Census Tract 43, New York County, New York",36061004300,228,8.4,391,16.9,71635
340,6,40.725845,-73.99432,Bleecker St.-Broadway-Lafayette St.,61,36061005502,"Census Tract 55.02, New York County, New York",36061005502,129,9.1,342,29.3,138523
341,B,40.725499,-73.996387,Broadway-Lafayette St.,61,36061005502,"Census Tract 55.02, New York County, New York",36061005502,129,9.1,342,29.3,138523
342,D,40.725499,-73.996387,Broadway-Lafayette St.,61,36061005502,"Census Tract 55.02, New York County, New York",36061005502,129,9.1,342,29.3,138523
343,F,40.725499,-73.996387,Broadway-Lafayette St.,61,36061005502,"Census Tract 55.02, New York County, New York",36061005502,129,9.1,342,29.3,138523
344,M,40.725499,-73.996387,Broadway-Lafayette St.,61,36061005502,"Census Tract 55.02, New York County, New York",36061005502,129,9.1,342,29.3,138523
345,6,40.730084,-73.990838,Astor Place,61,36061005700,"Census Tract 57, New York County, New York",36061005700,198,11.5,624,37.7,150833
346,N,40.73038524,-73.99218248,8 St.-N.Y.U.,61,36061005700,"Census Tract 57, New York County, New York",36061005700,198,11.5,624,37.7,150833
347,R,40.73038524,-73.99218248,8 St.-N.Y.U.,61,36061005700,"Census Tract 57, New York County, New York",36061005700,198,11.5,624,37.7,150833
348,6,40.74018,-73.986006,23 St.,61,36061006800,"Census Tract 68, New York County, New York",36061006800,628,13.3,938,24.6,109526
349,6,40.743257,-73.983738,28 St.,61,36061007200,"Census Tract 72, New York County, New York",36061007200,427,8,589,14.2,104272
350,6,40.74655,-73.981533,33 St.,61,36061007200,"Census Tract 72, New York County, New York",36061007200,427,8,589,14.2,104272
351,6,40.757059,-73.97157,51 St.,61,36061010000,"Census Tract 100, New York County, New York",36061010000,103,8.4,286,24.3,112098
352,E,40.757636,-73.969623,Lexington Ave.-53 St.,61,36061010000,"Census Tract 100, New York County, New York",36061010000,103,8.4,286,24.3,112098
353,M,40.757636,-73.969623,Lexington Ave.-53 St.,61,36061010000,"Census Tract 100, New York County, New York",36061010000,103,8.4,286,24.3,112098
354,6,40.767863,-73.963898,68 St.-Hunter College,61,36061012000,"Census Tract 120, New York County, New York",36061012000,9,0.6,593,34.6,148833
355,F,40.764881,-73.966411,Lexington Ave.-63 St.,61,36061012000,"Census Tract 120, New York County, New York",36061012000,9,0.6,593,34.6,148833
356,6,40.773603,-73.959578,77 St.,61,36061014000,"Census Tract 140, New York County, New York",36061014000,245,5.7,1501,40,137700
357,6,40.785903,-73.950695,96 St.,61,36061015802,"Census Tract 158.02, New York County, New York",36061015802,122,4.1,449,22.8,100642
358,6,40.790193,-73.947649,103 St.,61,36061016600,"Census Tract 166, New York County, New York",36061016600,246,6.2,101,3.5,35306
359,6,40.794811,-73.944235,110 St.,61,36061017200,"Census Tract 172, New York County, New York",36061017200,32,1.2,65,3,35017
360,6,40.798742,-73.941406,116 St.,61,36061018200,"Census Tract 182, New York County, New York",36061018200,57,2,52,1.9,23451
361,7,40.753409,-73.98113,5 Ave.-Bryant Park,61,36061008400,"Census Tract 84, New York County, New York",36061008400,55,4.2,319,30.8,120938
362,A,40.710211,-74.007584,Fulton St.,61,36061001501,"Census Tract 15.01, New York County, New York",36061001501,146,4,706,19.8,81867
363,C,40.710211,-74.007584,Fulton St.,61,36061001501,"Census Tract 15.01, New York County, New York",36061001501,146,4,706,19.8,81867
364,A,40.733259,-73.999615,W 4 St.- Washington Square,61,36061006300,"Census Tract 63, New York County, New York",36061006300,373,9.9,1020,27.3,113284
365,B,40.733259,-73.999615,W 4 St.- Washington Square,61,36061006300,"Census Tract 63, New York County, New York",36061006300,373,9.9,1020,27.3,113284
366,C,40.733259,-73.999615,W 4 St.- Washington Square,61,36061006300,"Census Tract 63, New York County, New York",36061006300,373,9.9,1020,27.3,113284
367,D,40.733259,-73.999615,W 4 St.- Washington Square,61,36061006300,"Census Tract 63, New York County, New York",36061006300,373,9.9,1020,27.3,113284
368,E,40.733259,-73.999615,W 4 St.- Washington Square,61,36061006300,"Census Tract 63, New York County, New York",36061006300,373,9.9,1020,27.3,113284
369,F,40.733259,-73.999615,W 4 St.- Washington Square,61,36061006300,"Census Tract 63, New York County, New York",36061006300,373,9.9,1020,27.3,113284
370,M,40.733259,-73.999615,West 4 St.-Wash Square,61,36061006300,"Census Tract 63, New York County, New York",36061006300,373,9.9,1020,27.3,113284
371,A,40.751996,-73.993327,34 St.-Penn Station,61,36061010100,"Census Tract 101, New York County, New York",36061010100,71,7.6,282,37.2,159821
372,C,40.751996,-73.993327,34 St.-Penn Station,61,36061010100,"Census Tract 101, New York County, New York",36061010100,71,7.6,282,37.2,159821
373,E,40.751996,-73.993327,34 St.-Penn Station,61,36061010100,"Census Tract 101, New York County, New York",36061010100,71,7.6,282,37.2,159821
374,A,40.758401,-73.988673,42 St.-Port Authority Bus Terminal,61,36061012100,"Census Tract 121, New York County, New York",36061012100,342,5.9,398,8,62301
375,C,40.758401,-73.988673,42 St.-Port Authority Bus Terminal,61,36061012100,"Census Tract 121, New York County, New York",36061012100,342,5.9,398,8,62301
376,E,40.758401,-73.988673,42 St.-Port Authority Bus Terminal,61,36061012100,"Census Tract 121, New York County, New York",36061012100,342,5.9,398,8,62301
377,A,40.811858,-73.951351,125 St.,61,36061021500,"Census Tract 215, New York County, New York",36061021500,27,1.9,20,1.5,33477
378,B,40.811858,-73.951351,125 St.,61,36061021500,"Census Tract 215, New York County, New York",36061021500,27,1.9,20,1.5,33477
379,C,40.811858,-73.951351,125 St.,61,36061021500,"Census Tract 215, New York County, New York",36061021500,27,1.9,20,1.5,33477
380,D,40.811858,-73.951351,125 St.,61,36061021500,"Census Tract 215, New York County, New York",36061021500,27,1.9,20,1.5,33477
381,A,40.825581,-73.943444,145 St.,61,36061023100,"Census Tract 231, New York County, New York",36061023100,240,6.4,106,4,45262
382,B,40.825581,-73.943444,145 St.,61,36061023100,"Census Tract 231, New York County, New York",36061023100,240,6.4,106,4,45262
383,C,40.825581,-73.943444,145 St.,61,36061023100,"Census Tract 231, New York County, New York",36061023100,240,6.4,106,4,45262
384,D,40.825581,-73.943444,145 St.,61,36061023100,"Census Tract 231, New York County, New York",36061023100,240,6.4,106,4,45262
385,A,40.84176,-73.939067,168 St.,61,36061025300,"Census Tract 253, New York County, New York",36061025300,278,5.2,0,0,36780
386,A,40.847859,-73.939303,175 St.,61,36061026500,"Census Tract 265, New York County, New York",36061026500,268,6,148,5.3,61695
387,A,40.851695,-73.937969,181 St.,61,36061027300,"Census Tract 273, New York County, New York",36061027300,277,7.1,235,7.3,74621
388,A,40.85895412,-73.93261526,190 St.,61,36061028100,"Census Tract 281, New York County, New York",36061028100,179,10,227,16.8,107727
389,A,40.865342,-73.926964,Dyckman St.,61,36061029100,"Census Tract 291, New York County, New York",36061029100,177,3.4,52,1.3,28743
390,A,40.868036,-73.919284,Inwood-207 St.,61,36061030300,"Census Tract 303, New York County, New York",36061030300,114,4.8,103,5.7,54718
391,B,40.718155,-73.993452,Grand St.,61,36061001800,"Census Tract 18, New York County, New York",36061001800,235,4.7,257,8.2,59416
392,D,40.718155,-73.993452,Grand St.,61,36061001800,"Census Tract 18, New York County, New York",36061001800,235,4.7,257,8.2,59416
393,J,40.720291,-73.993411,Bowery,61,36061001800,"Census Tract 18, New York County, New York",36061001800,235,4.7,257,8.2,59416
394,Z,40.720291,-73.993411,Bowery,61,36061001800,"Census Tract 18, New York County, New York",36061001800,235,4.7,257,8.2,59416
395,B,40.749891,-73.987495,34 St.-Herald Square,61,36061007600,"Census Tract 76, New York County, New York",36061007600,101,7.7,221,21.9,103264
396,D,40.749891,-73.987495,34 St.-Herald Square,61,36061007600,"Census Tract 76, New York County, New York",36061007600,101,7.7,221,21.9,103264
397,F,40.749891,-73.987495,34 St.-Herald Square,61,36061007600,"Census Tract 76, New York County, New York",36061007600,101,7.7,221,21.9,103264
398,M,40.749891,-73.987495,34 St.-Herald Square,61,36061007600,"Census Tract 76, New York County, New York",36061007600,101,7.7,221,21.9,103264
399,N,40.749891,-73.987495,34 St.-Herald Square,61,36061007600,"Census Tract 76, New York County, New York",36061007600,101,7.7,221,21.9,103264
400,Q,40.749891,-73.987495,34 St.-Herald Square,61,36061007600,"Census Tract 76, New York County, New York",36061007600,101,7.7,221,21.9,103264
401,R,40.749891,-73.987495,34 St.-Herald Square,61,36061007600,"Census Tract 76, New York County, New York",36061007600,101,7.7,221,21.9,103264
402,B,40.754832,-73.983657,42 St.-Bryant Park,61,36061009600,"Census Tract 96, New York County, New York",36061009600,4,3.4,21,17.5,135313
403,D,40.754832,-73.983657,42 St.-Bryant Park,61,36061009600,"Census Tract 96, New York County, New York",36061009600,4,3.4,21,17.5,135313
404,F,40.754832,-73.983657,42 St.-Bryant Park,61,36061009600,"Census Tract 96, New York County, New York",36061009600,4,3.4,21,17.5,135313
405,M,40.754832,-73.983657,42 St.-Bryant Park,61,36061009600,"Census Tract 96, New York County, New York",36061009600,4,3.4,21,17.5,135313
406,B,40.759953,-73.980117,47-50 Sts.-Rockefeller Center,61,36061010400,"Census Tract 104, New York County, New York",36061010400,75,13.1,142,22.6,111806
407,D,40.759953,-73.980117,47-50 Sts.-Rockefeller Center,61,36061010400,"Census Tract 104, New York County, New York",36061010400,75,13.1,142,22.6,111806
408,E,40.760373,-73.975562,5 Ave.-53 St.,61,36061010400,"Census Tract 104, New York County, New York",36061010400,75,13.1,142,22.6,111806
409,F,40.759953,-73.980117,47-50 Sts.-Rockefeller Center,61,36061010400,"Census Tract 104, New York County, New York",36061010400,75,13.1,142,22.6,111806
410,M,40.759953,-73.980117,47-50 Sts.-Rockefeller Center,61,36061010400,"Census Tract 104, New York County, New York",36061010400,75,13.1,142,22.6,111806
411,M,40.760373,-73.975562,5 Ave.-53 St.,61,36061010400,"Census Tract 104, New York County, New York",36061010400,75,13.1,142,22.6,111806
412,B,40.776431,-73.975977,72 St.,61,36061015700,"Census Tract 157, New York County, New York",36061015700,999,15.7,1272,23.2,122734
413,C,40.776431,-73.975977,72 St.,61,36061015700,"Census Tract 157, New York County, New York",36061015700,999,15.7,1272,23.2,122734
414,B,40.782254,-73.971741,81 St.-Museum of Natural History,61,36061016500,"Census Tract 165, New York County, New York",36061016500,325,8.2,1094,33.2,126346
415,C,40.782254,-73.971741,81 St.-Museum of Natural History,61,36061016500,"Census Tract 165, New York County, New York",36061016500,325,8.2,1094,33.2,126346
416,B,40.786769,-73.968448,86 St.,61,36061017300,"Census Tract 173, New York County, New York",36061017300,612,11.9,1064,25.4,113750
417,C,40.786769,-73.968448,86 St.,61,36061017300,"Census Tract 173, New York County, New York",36061017300,612,11.9,1064,25.4,113750
418,B,40.79165015,-73.96471381,96 St.,61,36061018100,"Census Tract 181, New York County, New York",36061018100,272,6.4,788,18.1,70075
419,C,40.79165015,-73.96471381,96 St.,61,36061018100,"Census Tract 181, New York County, New York",36061018100,272,6.4,788,18.1,70075
420,B,40.796263,-73.96161,103 St.,61,36061018900,"Census Tract 189, New York County, New York",36061018900,92,1.9,417,8.3,28158
421,C,40.796263,-73.96161,103 St.,61,36061018900,"Census Tract 189, New York County, New York",36061018900,92,1.9,417,8.3,28158
422,B,40.800866,-73.958405,Cathedral Parkway (110 St.),61,36061019702,"Census Tract 197.02, New York County, New York",36061019702,38,3.1,114,11.9,63135
423,C,40.800866,-73.958405,Cathedral Parkway (110 St.),61,36061019702,"Census Tract 197.02, New York County, New York",36061019702,38,3.1,114,11.9,63135
424,B,40.804428,-73.955024,116 St.,61,36061021800,"Census Tract 218, New York County, New York",36061021800,205,6.4,126,4.5,47155
425,C,40.804428,-73.955024,116 St.,61,36061021800,"Census Tract 218, New York County, New York",36061021800,205,6.4,126,4.5,47155
426,B,40.817188,-73.947665,135 St.,61,36061022102,"Census Tract 221.02, New York County, New York",36061022102,42,3.2,73,6.3,42284
427,C,40.817188,-73.947665,135 St.,61,36061022102,"Census Tract 221.02, New York County, New York",36061022102,42,3.2,73,6.3,42284
428,B,40.830313,-73.936687,155 St.,61,36061024302,"Census Tract 243.02, New York County, New York",36061024302,0,0,0,0,20371
429,D,40.830313,-73.936687,155 St.,61,36061024302,"Census Tract 243.02, New York County, New York",36061024302,0,0,0,0,20371
430,C,40.725583,-74.003747,Spring St.,61,36061004900,"Census Tract 49, New York County, New York",36061004900,149,5,584,23.8,97929
431,E,40.725583,-74.003747,Spring St.,61,36061004900,"Census Tract 49, New York County, New York",36061004900,149,5,584,23.8,97929
432,C,40.830921,-73.9411,155 St.,61,36061023900,"Census Tract 239, New York County, New York",36061023900,86,6,50,4.8,41036
433,C,40.835192,-73.940146,163 St.-Amsterdam Ave.,61,36061024500,"Census Tract 245, New York County, New York",36061024500,80,1,0,0,35394
434,F,40.714404,-73.989918,East Broadway,61,36061001401,"Census Tract 14.01, New York County, New York",36061001401,118,6.8,388,23.7,76250
435,F,40.71841,-73.987181,Delancey St.-Essex St.,61,36061001402,"Census Tract 14.02, New York County, New York",36061001402,196,13.3,51,3.7,24375
436,J,40.71841,-73.987181,Delancey St.-Essex St.,61,36061001402,"Census Tract 14.02, New York County, New York",36061001402,196,13.3,51,3.7,24375
437,M,40.71841,-73.987181,Delancey St.-Essex St.,61,36061001402,"Census Tract 14.02, New York County, New York",36061001402,196,13.3,51,3.7,24375
438,Z,40.71841,-73.987181,Delancey St.-Essex St.,61,36061001402,"Census Tract 14.02, New York County, New York",36061001402,196,13.3,51,3.7,24375
439,F,40.7232,-73.988863,2 Ave.,61,36061003602,"Census Tract 36.02, New York County, New York",36061003602,223,13,214,15.1,81250
440,F,40.738678,-73.995632,14 St.-6 Ave.,61,36061005400,"Census Tract 54, New York County, New York",36061005400,329,10.6,829,32.9,132813
441,L,40.738678,-73.995632,14 St.-6 Ave.,61,36061005400,"Census Tract 54, New York County, New York",36061005400,329,10.6,829,32.9,132813
442,M,40.738678,-73.995632,14 St.-6 Ave.,61,36061005400,"Census Tract 54, New York County, New York",36061005400,329,10.6,829,32.9,132813
443,F,40.742825,-73.992383,23 St.,61,36061005800,"Census Tract 58, New York County, New York",36061005800,153,6.8,800,40.1,157934
444,M,40.742825,-73.992383,23 St.,61,36061005800,"Census Tract 58, New York County, New York",36061005800,153,6.8,800,40.1,157934
445,N,40.745089,-73.988472,28 St.,61,36061005800,"Census Tract 58, New York County, New York",36061005800,153,6.8,800,40.1,157934
446,R,40.745089,-73.988472,28 St.,61,36061005800,"Census Tract 58, New York County, New York",36061005800,153,6.8,800,40.1,157934
447,F,40.764564,-73.97683,57 St.,61,36061011201,"Census Tract 112.01, New York County, New York",36061011201,28,5.1,223,40.6,138250
448,F,40.759016,-73.953505,Roosevelt Island,61,36061023801,"Census Tract 238.01, New York County, New York",36061023801,211,4.2,585,14.8,86712
449,L,40.73955,-74.002389,14 St.-8 Ave.,61,36061007700,"Census Tract 77, New York County, New York",36061007700,657,15.8,982,27.9,127729
450,L,40.733122,-73.986548,3 Ave.,61,36061004800,"Census Tract 48, New York County, New York",36061004800,512,11.8,614,18.1,106789
451,L,40.731397,-73.982112,1 Ave.,61,36061004400,"Census Tract 44, New York County, New York",36061004400,609,6,985,12.4,93010
452,N,40.741208,-73.989639,23 St.,61,36061005600,"Census Tract 56, New York County, New York",36061005600,119,6.6,606,36.1,115521
453,R,40.741208,-73.989639,23 St.,61,36061005600,"Census Tract 56, New York County, New York",36061005600,119,6.6,606,36.1,115521
454,N,40.760454,-73.983388,49 St.,61,36061012500,"Census Tract 125, New York County, New York",36061012500,147,7.8,511,34.7,150682
455,Q,40.760454,-73.983388,49 St.,61,36061012500,"Census Tract 125, New York County, New York",36061012500,147,7.8,511,34.7,150682
456,R,40.760454,-73.983388,49 St.,61,36061012500,"Census Tract 125, New York County, New York",36061012500,147,7.8,511,34.7,150682
457,N,40.764657,-73.972229,5 Ave.-59 St.,61,36061011401,"Census Tract 114.01, New York County, New York",36061011401,45,6.8,311,50,197500
458,Q,40.764657,-73.972229,5 Ave.-59 St.,61,36061011401,"Census Tract 114.01, New York County, New York",36061011401,45,6.8,311,50,197500
459,R,40.764657,-73.972229,5 Ave.-59 St.,61,36061011401,"Census Tract 114.01, New York County, New York",36061011401,45,6.8,311,50,197500
460,2,40.63275,-73.947375,Flatbush Ave.-Brooklyn College,47,36047078600,"Census Tract 786, Kings County, New York",36047078600,78,3.7,31,1.8,42482
461,5,40.63275,-73.947375,Flatbush Ave.-Brooklyn College,47,36047078600,"Census Tract 786, Kings County, New York",36047078600,78,3.7,31,1.8,42482
462,2,40.639924,-73.948161,Newkirk Ave.,47,36047083000,"Census Tract 830, Kings County, New York",36047083000,0,0,17,0.8,45598
463,5,40.639924,-73.948161,Newkirk Ave.,47,36047083000,"Census Tract 830, Kings County, New York",36047083000,0,0,17,0.8,45598
464,2,40.645046,-73.948684,Beverly Rd.,47,36047082600,"Census Tract 826, Kings County, New York",36047082600,7,0.3,76,4.1,44120
465,5,40.645046,-73.948684,Beverly Rd.,47,36047082600,"Census Tract 826, Kings County, New York",36047082600,7,0.3,76,4.1,44120
466,2,40.650748,-73.949384,Church Ave.,47,36047082400,"Census Tract 824, Kings County, New York",36047082400,26,1.4,35,2.3,44432
467,5,40.650748,-73.949384,Church Ave.,47,36047082400,"Census Tract 824, Kings County, New York",36047082400,26,1.4,35,2.3,44432
468,2,40.657184,-73.949976,Winthrop St.,47,36047080400,"Census Tract 804, Kings County, New York",36047080400,47,3.3,27,2.2,31941
469,5,40.657184,-73.949976,Winthrop St.,47,36047080400,"Census Tract 804, Kings County, New York",36047080400,47,3.3,27,2.2,31941
470,2,40.663226,-73.95067,Sterling St.,47,36047032900,"Census Tract 329, Kings County, New York",36047032900,141,6.2,48,2.1,47578
471,5,40.663226,-73.95067,Sterling St.,47,36047032900,"Census Tract 329, Kings County, New York",36047032900,141,6.2,48,2.1,47578
472,2,40.668145,-73.950458,President St.,47,36047031900,"Census Tract 319, Kings County, New York",36047031900,59,4.2,19,1.4,40744
473,3,40.669711,-73.950247,Nostrand Ave.,47,36047031900,"Census Tract 319, Kings County, New York",36047031900,59,4.2,19,1.4,40744
474,5,40.668145,-73.950458,President St.,47,36047031900,"Census Tract 319, Kings County, New York",36047031900,59,4.2,19,1.4,40744
475,2,40.670732,-73.957696,Franklin Ave.,47,36047021900,"Census Tract 219, Kings County, New York",36047021900,210,10.2,46,3.2,55758
476,3,40.670732,-73.957696,Franklin Ave.,47,36047021900,"Census Tract 219, Kings County, New York",36047021900,210,10.2,46,3.2,55758
477,4,40.670732,-73.957696,Franklin Ave.,47,36047021900,"Census Tract 219, Kings County, New York",36047021900,210,10.2,46,3.2,55758
478,5,40.670732,-73.957696,Franklin Ave.,47,36047021900,"Census Tract 219, Kings County, New York",36047021900,210,10.2,46,3.2,55758
479,2,40.672122,-73.964154,Eastern Parkway-Brooklyn Museum,47,36047021500,"Census Tract 215, Kings County, New York",36047021500,190,6.1,290,12.1,61723
480,3,40.672122,-73.964154,Eastern Parkway-Brooklyn Museum,47,36047021500,"Census Tract 215, Kings County, New York",36047021500,190,6.1,290,12.1,61723
481,2,40.67511,-73.970822,Grand Army Plaza,47,36047015900,"Census Tract 159, Kings County, New York",36047015900,293,8.7,716,28.4,130806
482,3,40.67511,-73.970822,Grand Army Plaza,47,36047015900,"Census Tract 159, Kings County, New York",36047015900,293,8.7,716,28.4,130806
483,2,40.680695,-73.974748,Bergen St.,47,36047012902,"Census Tract 129.02, Kings County, New York",36047012902,127,10.6,170,20.1,86290
484,3,40.680695,-73.974748,Bergen St.,47,36047012902,"Census Tract 129.02, Kings County, New York",36047012902,127,10.6,170,20.1,86290
485,2,40.683928,-73.978412,Atlantic Ave.-Barclays Center,47,36047012901,"Census Tract 129.01, Kings County, New York",36047012901,198,11.3,138,14.1,82071
486,3,40.683928,-73.978412,Atlantic Ave.-Barclays Center,47,36047012901,"Census Tract 129.01, Kings County, New York",36047012901,198,11.3,138,14.1,82071
487,4,40.683928,-73.978412,Atlantic Ave.,47,36047012901,"Census Tract 129.01, Kings County, New York",36047012901,198,11.3,138,14.1,82071
488,5,40.683928,-73.978412,Atlantic Ave.,47,36047012901,"Census Tract 129.01, Kings County, New York",36047012901,198,11.3,138,14.1,82071
489,B,40.683928,-73.978412,Atlantic Ave.-Barclays Center,47,36047012901,"Census Tract 129.01, Kings County, New York",36047012901,198,11.3,138,14.1,82071
490,D,40.683928,-73.978412,Atlantic Ave.-Barclays Center,47,36047012901,"Census Tract 129.01, Kings County, New York",36047012901,198,11.3,138,14.1,82071
491,N,40.683928,-73.978412,Atlantic Ave.-Barclays Center,47,36047012901,"Census Tract 129.01, Kings County, New York",36047012901,198,11.3,138,14.1,82071
492,Q,40.683928,-73.978412,Atlantic Ave.-Barclays Center,47,36047012901,"Census Tract 129.01, Kings County, New York",36047012901,198,11.3,138,14.1,82071
493,R,40.683928,-73.978412,Atlantic Ave.-Barclays Center,47,36047012901,"Census Tract 129.01, Kings County, New York",36047012901,198,11.3,138,14.1,82071
494,2,40.688085,-73.980243,Nevins St.,47,36047003300,"Census Tract 33, Kings County, New York",36047003300,184,8.5,249,15.4,105642
495,3,40.688085,-73.980243,Nevins St.,47,36047003300,"Census Tract 33, Kings County, New York",36047003300,184,8.5,249,15.4,105642
496,4,40.688085,-73.980243,Nevins St.,47,36047003300,"Census Tract 33, Kings County, New York",36047003300,184,8.5,249,15.4,105642
497,5,40.688085,-73.980243,Nevins St.,47,36047003300,"Census Tract 33, Kings County, New York",36047003300,184,8.5,249,15.4,105642
498,B,40.689817,-73.981082,DeKalb Ave.,47,36047003300,"Census Tract 33, Kings County, New York",36047003300,184,8.5,249,15.4,105642
499,G,40.687159,-73.97629,Fulton St.,47,36047003300,"Census Tract 33, Kings County, New York",36047003300,184,8.5,249,15.4,105642
500,Q,40.689817,-73.981082,DeKalb Ave.,47,36047003300,"Census Tract 33, Kings County, New York",36047003300,184,8.5,249,15.4,105642
501,R,40.689817,-73.981082,DeKalb Ave.,47,36047003300,"Census Tract 33, Kings County, New York",36047003300,184,8.5,249,15.4,105642
502,2,40.690931,-73.98525,Hoyt St.,47,36047001500,"Census Tract 15, Kings County, New York",36047001500,342,10.2,448,17.1,90616
503,3,40.690931,-73.98525,Hoyt St.-Fulton Mall,47,36047001500,"Census Tract 15, Kings County, New York",36047001500,342,10.2,448,17.1,90616
504,A,40.692315,-73.985172,Jay St.-MetroTech,47,36047001500,"Census Tract 15, Kings County, New York",36047001500,342,10.2,448,17.1,90616
505,C,40.692315,-73.985172,Jay St.-MetroTech,47,36047001500,"Census Tract 15, Kings County, New York",36047001500,342,10.2,448,17.1,90616
506,F,40.692315,-73.985172,Jay St.-MetroTech,47,36047001500,"Census Tract 15, Kings County, New York",36047001500,342,10.2,448,17.1,90616
507,R,40.692315,-73.985172,Jay St.-MetroTech,47,36047001500,"Census Tract 15, Kings County, New York",36047001500,342,10.2,448,17.1,90616
508,2,40.692548,-73.990099,Borough Hall,47,36047001100,"Census Tract 11, Kings County, New York",36047001100,69,8.5,78,14.4,107946
509,3,40.692548,-73.990099,Borough Hall,47,36047001100,"Census Tract 11, Kings County, New York",36047001100,69,8.5,78,14.4,107946
510,4,40.692548,-73.990099,Borough Hall,47,36047001100,"Census Tract 11, Kings County, New York",36047001100,69,8.5,78,14.4,107946
511,5,40.692548,-73.990099,Borough Hall,47,36047001100,"Census Tract 11, Kings County, New York",36047001100,69,8.5,78,14.4,107946
512,R,40.692548,-73.990099,Court St.-Borough Hall,47,36047001100,"Census Tract 11, Kings County, New York",36047001100,69,8.5,78,14.4,107946
513,2,40.697649,-73.99306,Clark St.,47,36047000501,"Census Tract 5.01, Kings County, New York",36047000501,209,8.1,428,23.8,110700
514,3,40.697649,-73.99306,Clark St.,47,36047000501,"Census Tract 5.01, Kings County, New York",36047000501,209,8.1,428,23.8,110700
515,3,40.666285,-73.883276,New Lots Ave.,47,36047112400,"Census Tract 1124, Kings County, New York",36047112400,0,0,28,2.5,40707
516,3,40.665431,-73.888386,Van Siclen Ave.,47,36047112400,"Census Tract 1124, Kings County, New York",36047112400,0,0,28,2.5,40707
517,3,40.664869,-73.893779,Pennsylvania Ave.,47,36047112600,"Census Tract 1126, Kings County, New York",36047112600,0,0,0,0,40323
518,3,40.663426,-73.902636,Junius St.,47,36047091800,"Census Tract 918, Kings County, New York",36047091800,22,2,6,0.6,27500
519,3,40.662401,-73.908809,Rockaway Ave.,47,36047091800,"Census Tract 918, Kings County, New York",36047091800,22,2,6,0.6,27500
520,3,40.661558,-73.915225,Saratoga Ave.,47,36047089400,"Census Tract 894, Kings County, New York",36047089400,7,0.5,22,1.9,43159
521,3,40.664891,-73.922675,Sutter Ave.-Rutland Rd.,47,36047090000,"Census Tract 900, Kings County, New York",36047090000,59,2.9,10,0.5,27716
522,3,40.669102,-73.934213,Crown Hts-Utica Ave.,47,36047035300,"Census Tract 353, Kings County, New York",36047035300,93,3.7,41,2.1,39934
523,4,40.669102,-73.934213,Crown Hts-Utica Ave.,47,36047035300,"Census Tract 353, Kings County, New York",36047035300,93,3.7,41,2.1,39934
524,3,40.669261,-73.941948,Kingston Ave.,47,36047033700,"Census Tract 337, Kings County, New York",36047033700,118,7,18,1.4,48114
525,A,40.676735,-73.865491,Grant Ave.,47,36047120200,"Census Tract 1202, Kings County, New York",36047120200,5,0.6,0,0,47206
526,A,40.675533,-73.871742,Euclid Ave.,47,36047119600,"Census Tract 1196, Kings County, New York",36047119600,11,0.6,9,0.5,32115
527,C,40.675533,-73.871742,Euclid Ave.,47,36047119600,"Census Tract 1196, Kings County, New York",36047119600,11,0.6,9,0.5,32115
528,A,40.678334,-73.903922,Broadway Junction,47,36047036700,"Census Tract 367, Kings County, New York",36047036700,23,3.5,5,1,51140
529,C,40.678334,-73.903922,Broadway Junction,47,36047036700,"Census Tract 367, Kings County, New York",36047036700,23,3.5,5,1,51140
530,J,40.678334,-73.903922,Broadway Junction,47,36047036700,"Census Tract 367, Kings County, New York",36047036700,23,3.5,5,1,51140
531,L,40.678334,-73.903922,Broadway Junction,47,36047036700,"Census Tract 367, Kings County, New York",36047036700,23,3.5,5,1,51140
532,Z,40.678334,-73.903922,Broadway Junction,47,36047036700,"Census Tract 367, Kings County, New York",36047036700,23,3.5,5,1,51140
533,A,40.679346,-73.931987,Utica Ave.,47,36047027100,"Census Tract 271, Kings County, New York",36047027100,34,2.7,5,0.5,37104
534,C,40.679346,-73.931987,Utica Ave.,47,36047027100,"Census Tract 271, Kings County, New York",36047027100,34,2.7,5,0.5,37104
535,C,40.679804,-73.941119,Kingston-Throop Aves.,47,36047027100,"Census Tract 271, Kings County, New York",36047027100,34,2.7,5,0.5,37104
536,A,40.680228,-73.949414,Nostrand Ave.,47,36047024700,"Census Tract 247, Kings County, New York",36047024700,28,2.6,26,2.7,42308
537,C,40.680228,-73.949414,Nostrand Ave.,47,36047024700,"Census Tract 247, Kings County, New York",36047024700,28,2.6,26,2.7,42308
538,A,40.688396,-73.984216,Hoyt St.- Schermerhorn St.,47,36047003700,"Census Tract 37, Kings County, New York",36047003700,73,10,115,21,102386
539,C,40.688396,-73.984216,Hoyt St.- Schermerhorn St.,47,36047003700,"Census Tract 37, Kings County, New York",36047003700,73,10,115,21,102386
540,G,40.688396,-73.984216,Hoyt St.- Schermerhorn St.,47,36047003700,"Census Tract 37, Kings County, New York",36047003700,73,10,115,21,102386
541,A,40.699405,-73.991413,High St.,47,36047000100,"Census Tract 1, Kings County, New York",36047000100,221,10,367,17,70938
542,C,40.699405,-73.991413,High St.,47,36047000100,"Census Tract 1, Kings County, New York",36047000100,221,10,367,17,70938
543,B,40.577986,-73.960258,Brighton Beach,47,36047036200,"Census Tract 362, Kings County, New York",36047036200,0,0,21,1.8,28750
544,Q,40.577986,-73.960258,Brighton Beach,47,36047036200,"Census Tract 362, Kings County, New York",36047036200,0,0,21,1.8,28750
545,B,40.585734,-73.954371,Sheepshead Bay,47,36047060600,"Census Tract 606, Kings County, New York",36047060600,33,2.8,35,3.2,29759
546,Q,40.585734,-73.954371,Sheepshead Bay,47,36047060600,"Census Tract 606, Kings County, New York",36047060600,33,2.8,35,3.2,29759
547,B,40.608835,-73.957769,Kings Highway,47,36047055200,"Census Tract 552, Kings County, New York",36047055200,60,4.2,51,3.7,41850
548,Q,40.608835,-73.957769,Kings Highway,47,36047055200,"Census Tract 552, Kings County, New York",36047055200,60,4.2,51,3.7,41850
549,B,40.635034,-73.962736,Newkirk Plaza,47,36047052000,"Census Tract 520, Kings County, New York",36047052000,78,3.9,66,4.6,47130
550,Q,40.635034,-73.962736,Newkirk Plaza,47,36047052000,"Census Tract 520, Kings County, New York",36047052000,78,3.9,66,4.6,47130
551,Q,40.641314,-73.963996,Cortelyou Rd.,47,36047052000,"Census Tract 520, Kings County, New York",36047052000,78,3.9,66,4.6,47130
552,B,40.649427,-73.963356,Church Ave.,47,36047050600,"Census Tract 506, Kings County, New York",36047050600,85,3.2,8,0.4,48583
553,Q,40.649427,-73.963356,Church Ave.,47,36047050600,"Census Tract 506, Kings County, New York",36047050600,85,3.2,8,0.4,48583
554,B,40.662727,-73.962249,Prospect Park,47,36047032700,"Census Tract 327, Kings County, New York",36047032700,88,6.3,73,5.8,47153
555,Q,40.662727,-73.962249,Prospect Park,47,36047032700,"Census Tract 327, Kings County, New York",36047032700,88,6.3,73,5.8,47153
556,B,40.677324,-73.972212,7 Ave.,47,36047016300,"Census Tract 163, Kings County, New York",36047016300,206,10.2,230,17,86234
557,Q,40.677324,-73.972212,7 Ave.,47,36047016300,"Census Tract 163, Kings County, New York",36047016300,206,10.2,230,17,86234
558,C,40.67397,-73.880667,Shepherd Ave.,47,36047116600,"Census Tract 1166, Kings County, New York",36047116600,7,0.7,15,1.7,33892
559,C,40.672479,-73.890164,Van Siclen Ave.,47,36047115200,"Census Tract 1152, Kings County, New York",36047115200,44,3.9,32,3.2,32500
560,C,40.674268,-73.896312,Liberty Ave.,47,36047114400,"Census Tract 1144, Kings County, New York",36047114400,0,0,0,0,26429
561,L,40.67538,-73.902612,Atlantic Ave.,47,36047114400,"Census Tract 1144, Kings County, New York",36047114400,0,0,0,0,26429
562,C,40.678317,-73.913651,Rockaway Ave.,47,36047030100,"Census Tract 301, Kings County, New York",36047030100,21,2.1,9,0.9,44911
563,C,40.678984,-73.921442,Ralph Ave.,47,36047037900,"Census Tract 379, Kings County, New York",36047037900,17,1,25,1.8,40412
564,C,40.681256,-73.95559,Franklin Ave.,47,36047022700,"Census Tract 227, Kings County, New York",36047022700,75,3.8,67,4.7,53363
565,C,40.683317,-73.966741,Clinton-Washington Aves.,47,36047019900,"Census Tract 199, Kings County, New York",36047019900,133,7.3,142,10.2,67656
566,C,40.685789,-73.97276,Lafayette Ave.,47,36047017900,"Census Tract 179, Kings County, New York",36047017900,193,11.7,87,5.7,45947
567,D,40.5769,-73.980846,Coney Island-Stillwell Ave.,47,36047035000,"Census Tract 350, Kings County, New York",36047035000,23,1.8,0,0,30889
568,F,40.5769,-73.980846,Coney Island-Stillwell Ave.,47,36047035000,"Census Tract 350, Kings County, New York",36047035000,23,1.8,0,0,30889
569,F,40.575929,-73.976747,W 8 St.-New York Aquarium,47,36047035000,"Census Tract 350, Kings County, New York",36047035000,23,1.8,0,0,30889
570,N,40.5769,-73.980846,Coney Island-Stillwell Ave.,47,36047035000,"Census Tract 350, Kings County, New York",36047035000,23,1.8,0,0,30889
571,Q,40.5769,-73.980846,Coney Island-Stillwell Ave.,47,36047035000,"Census Tract 350, Kings County, New York",36047035000,23,1.8,0,0,30889
572,Q,40.575929,-73.976747,W 8 St.-New York Aquarium,47,36047035000,"Census Tract 350, Kings County, New York",36047035000,23,1.8,0,0,30889
573,D,40.588066,-73.983498,Bay 50 St.,47,36047030800,"Census Tract 308, Kings County, New York",36047030800,19,2.1,21,2.9,50189
574,D,40.597889,-73.986958,25 Ave.,47,36047029800,"Census Tract 298, Kings County, New York",36047029800,76,4.2,68,5.3,55938
575,D,40.601898,-73.993538,Bay Parkway,47,36047029600,"Census Tract 296, Kings County, New York",36047029600,58,2.3,65,3.2,44875
576,D,40.604587,-73.998007,20 Ave.,47,36047028800,"Census Tract 288, Kings County, New York",36047028800,53,3.2,27,2.3,41786
577,D,40.607602,-74.001491,18 Ave.,47,36047027800,"Census Tract 278, Kings County, New York",36047027800,71,5.1,23,1.9,47917
578,D,40.614018,-74.000378,79 St.,47,36047026400,"Census Tract 264, Kings County, New York",36047026400,75,3.2,71,4.3,47336
579,D,40.62036,-73.99855,71 St.,47,36047026200,"Census Tract 262, Kings County, New York",36047026200,19,1.8,61,7.8,57121
580,D,40.627299,-73.996465,62 St.,47,36047024200,"Census Tract 242, Kings County, New York",36047024200,28,2.7,39,4.8,38333
581,D,40.631389,-73.995262,55 St.,47,36047024000,"Census Tract 240, Kings County, New York",36047024000,38,2.8,0,0,26823
582,D,40.636405,-73.994673,50 St.,47,36047022000,"Census Tract 220, Kings County, New York",36047022000,0,0,14,1.2,30861
583,D,40.641379,-73.994188,Fort Hamilton Parkway,47,36047011200,"Census Tract 112, Kings County, New York",36047011200,42,1.8,0,0,30032
584,D,40.646337,-73.994489,9 Ave.,47,36047011000,"Census Tract 110, Kings County, New York",36047011000,5,0.4,29,4.4,40238
585,D,40.654365,-74.004113,36 St.,47,36047008400,"Census Tract 84, Kings County, New York",36047008400,13,0.7,24,2.3,49274
586,N,40.654365,-74.004113,36 St.,47,36047008400,"Census Tract 84, Kings County, New York",36047008400,13,0.7,24,2.3,49274
587,R,40.654365,-74.004113,36 St.,47,36047008400,"Census Tract 84, Kings County, New York",36047008400,13,0.7,24,2.3,49274
588,F,40.580576,-73.974443,Neptune Ave.,47,36047035400,"Census Tract 354, Kings County, New York",36047035400,22,0.8,91,3.4,53158
589,F,40.590266,-73.974051,Ave. X,47,36047038600,"Census Tract 386, Kings County, New York",36047038600,11,0.7,9,0.8,44766
590,N,40.592724,-73.978227,86 St.,47,36047038600,"Census Tract 386, Kings County, New York",36047038600,11,0.7,9,0.8,44766
591,F,40.596897,-73.973137,Ave. U,47,36047039800,"Census Tract 398, Kings County, New York",36047039800,0,0,31,3.6,52721
592,F,40.603999,-73.972124,Kings Highway,47,36047041401,"Census Tract 414.01, Kings County, New York",36047041401,25,3.9,25,4.7,52774
593,F,40.609041,-73.972904,Ave. P,47,36047043800,"Census Tract 438, Kings County, New York",36047043800,11,1,22,2.4,40227
594,F,40.614304,-73.97391,Ave. N,47,36047044600,"Census Tract 446, Kings County, New York",36047044600,4,0.4,35,5.1,47031
595,F,40.620825,-73.975138,Bay Parkway,47,36047045000,"Census Tract 450, Kings County, New York",36047045000,8,5.1,10,7.6,29659
596,F,40.624301,-73.975817,Ave. I,47,36047046202,"Census Tract 462.02, Kings County, New York",36047046202,8,0.9,59,9.8,56818
597,F,40.628708,-73.976646,18 Ave.,47,36047048000,"Census Tract 480, Kings County, New York",36047048000,13,1.1,7,0.7,30968
598,F,40.635389,-73.977914,Ditmas Ave.,47,36047047800,"Census Tract 478, Kings County, New York",36047047800,0,0,10,0.9,31708
599,F,40.642692,-73.97926,Church Ave.,47,36047048600,"Census Tract 486, Kings County, New York",36047048600,37,2.5,9,1,44489
600,G,40.642692,-73.97926,Church Ave.,47,36047048600,"Census Tract 486, Kings County, New York",36047048600,37,2.5,9,1,44489
601,F,40.651608,-73.975596,Fort Hamilton Parkway,47,36047050202,"Census Tract 502.02, Kings County, New York",36047050202,65,4.8,231,20.9,73081
602,G,40.651608,-73.975596,Fort Hamilton Parkway,47,36047050202,"Census Tract 502.02, Kings County, New York",36047050202,65,4.8,231,20.9,73081
603,F,40.659436,-73.979951,15 St.-Prospect Park,47,36047016900,"Census Tract 169, Kings County, New York",36047016900,314,11.2,192,9,78504
604,G,40.659436,-73.979951,15 St.-Prospect Park,47,36047016900,"Census Tract 169, Kings County, New York",36047016900,314,11.2,192,9,78504
605,F,40.667004,-73.981331,7 Ave.,47,36047015300,"Census Tract 153, Kings County, New York",36047015300,167,9.3,245,20.9,115000
606,G,40.667004,-73.981331,7 Ave.,47,36047015300,"Census Tract 153, Kings County, New York",36047015300,167,9.3,245,20.9,115000
607,F,40.670387,-73.98848,4 Ave.-9 St.,47,36047013700,"Census Tract 137, Kings County, New York",36047013700,213,10.6,219,15.6,99648
608,G,40.670387,-73.98848,4 Ave.-9 St.,47,36047013700,"Census Tract 137, Kings County, New York",36047013700,213,10.6,219,15.6,99648
609,R,40.670387,-73.98848,4 Ave.-9 St.,47,36047013700,"Census Tract 137, Kings County, New York",36047013700,213,10.6,219,15.6,99648
610,F,40.674725,-73.997505,Smith-9 Sts.,47,36047007700,"Census Tract 77, Kings County, New York",36047007700,323,11.9,449,24,123592
611,G,40.674725,-73.997505,Smith-9 Sts.,47,36047007700,"Census Tract 77, Kings County, New York",36047007700,323,11.9,449,24,123592
612,F,40.680944,-73.994247,Carroll St.,47,36047007500,"Census Tract 75, Kings County, New York",36047007500,275,9.1,607,29.5,135697
613,G,40.680944,-73.994247,Carroll St.,47,36047007500,"Census Tract 75, Kings County, New York",36047007500,275,9.1,607,29.5,135697
614,F,40.686727,-73.990269,Bergen St.,47,36047004300,"Census Tract 43, Kings County, New York",36047004300,150,6.8,336,21.4,112036
615,G,40.686727,-73.990269,Bergen St.,47,36047004300,"Census Tract 43, Kings County, New York",36047004300,150,6.8,336,21.4,112036
616,F,40.70138,-73.986655,York St.,47,36047002100,"Census Tract 21, Kings County, New York",36047002100,371,13.6,923,53.5,208036
617,G,40.688114,-73.967575,Clinton-Washington Aves.,47,36047019700,"Census Tract 197, Kings County, New York",36047019700,251,13.7,248,15.6,83650
618,G,40.688781,-73.959871,Classon Ave.,47,36047023300,"Census Tract 233, Kings County, New York",36047023300,121,5.6,75,3.9,33141
619,G,40.689367,-73.954957,Bedford-Nostrand Aves.,47,36047024300,"Census Tract 243, Kings County, New York",36047024300,163,7.1,35,2,54505
620,G,40.6955,-73.94896,Myrtle-Willoughby Aves.,47,36047025700,"Census Tract 257, Kings County, New York",36047025700,58,5.3,16,2.4,51310
621,G,40.699985,-73.949895,Flushing Ave.,47,36047050700,"Census Tract 507, Kings County, New York",36047050700,8,1.3,2,0.4,30625
622,G,40.705114,-73.950062,Broadway,47,36047050900,"Census Tract 509, Kings County, New York",36047050900,22,2.5,31,4.7,32762
623,G,40.713744,-73.951455,Metropolitan Ave.,47,36047051300,"Census Tract 513, Kings County, New York",36047051300,382,12.5,92,4.6,66951
624,G,40.723765,-73.950566,Nassau Ave.,47,36047056900,"Census Tract 569, Kings County, New York",36047056900,108,11.3,61,8.3,71111
625,G,40.730122,-73.954049,Greenpoint Ave.,47,36047057500,"Census Tract 575, Kings County, New York",36047057500,250,9.7,59,2.9,79476
626,J,40.708788,-73.958826,Marcy Ave.,47,36047052500,"Census Tract 525, Kings County, New York",36047052500,31,2.6,48,4.1,20993
627,M,40.708788,-73.958826,Marcy Ave.,47,36047052500,"Census Tract 525, Kings County, New York",36047052500,31,2.6,48,4.1,20993
628,Z,40.708788,-73.958826,Marcy Ave.,47,36047052500,"Census Tract 525, Kings County, New York",36047052500,31,2.6,48,4.1,20993
629,J,40.707248,-73.954326,Hewes St.,47,36047052700,"Census Tract 527, Kings County, New York",36047052700,176,5.6,83,3.5,32022
630,M,40.707248,-73.954326,Hewes St.,47,36047052700,"Census Tract 527, Kings County, New York",36047052700,176,5.6,83,3.5,32022
631,J,40.703454,-73.946536,Lorimer St.,47,36047049100,"Census Tract 491, Kings County, New York",36047049100,58,2.2,25,1,32813
632,J,40.700847,-73.94171,Flushing Ave.,47,36047049100,"Census Tract 491, Kings County, New York",36047049100,58,2.2,25,1,32813
633,M,40.700847,-73.94171,Flushing Ave.,47,36047049100,"Census Tract 491, Kings County, New York",36047049100,58,2.2,25,1,32813
634,M,40.703454,-73.946536,Lorimer St.,47,36047049100,"Census Tract 491, Kings County, New York",36047049100,58,2.2,25,1,32813
635,J,40.696893,-73.935461,Myrtle Ave.,47,36047028700,"Census Tract 287, Kings County, New York",36047028700,18,1.5,8,0.8,30755
636,M,40.696893,-73.935461,Myrtle Ave.,47,36047028700,"Census Tract 287, Kings County, New York",36047028700,18,1.5,8,0.8,30755
637,Z,40.696893,-73.935461,Myrtle Ave.,47,36047028700,"Census Tract 287, Kings County, New York",36047028700,18,1.5,8,0.8,30755
638,J,40.692929,-73.92794,Kosciuszko St.,47,36047039300,"Census Tract 393, Kings County, New York",36047039300,93,5.4,23,1.9,52244
639,J,40.690142,-73.923062,Gates Ave.,47,36047039700,"Census Tract 397, Kings County, New York",36047039700,90,6.3,14,1.2,38266
640,Z,40.690142,-73.923062,Gates Ave.,47,36047039700,"Census Tract 397, Kings County, New York",36047039700,90,6.3,14,1.2,38266
641,J,40.685946,-73.915713,Halsey St.,47,36047040100,"Census Tract 401, Kings County, New York",36047040100,30,1.8,10,0.9,42079
642,J,40.683417,-73.911242,Chauncey St.,47,36047040300,"Census Tract 403, Kings County, New York",36047040300,19,1.5,0,0,27827
643,Z,40.683417,-73.911242,Chauncey St.,47,36047040300,"Census Tract 403, Kings County, New York",36047040300,19,1.5,0,0,27827
644,J,40.676803,-73.89951,Alabama Ave.,47,36047119800,"Census Tract 1198, Kings County, New York",36047119800,39,3.5,12,1.1,31225
645,J,40.677864,-73.891566,Van Siclen Ave.,47,36047119800,"Census Tract 1198, Kings County, New York",36047119800,39,3.5,12,1.1,31225
646,Z,40.677864,-73.891566,Van Siclen Ave.,47,36047119800,"Census Tract 1198, Kings County, New York",36047119800,39,3.5,12,1.1,31225
647,J,40.67953,-73.885716,Cleveland St.,47,36047117000,"Census Tract 1170, Kings County, New York",36047117000,6,1,9,1.8,35889
648,J,40.681643,-73.878984,Norwood Ave.,47,36047117400,"Census Tract 1174, Kings County, New York",36047117400,55,3,50,4.6,53549
649,Z,40.681643,-73.878984,Norwood Ave.,47,36047117400,"Census Tract 1174, Kings County, New York",36047117400,55,3,50,4.6,53549
650,J,40.683478,-73.872548,Crescent St.,47,36047117800,"Census Tract 1178, Kings County, New York",36047117800,4,0.6,12,2.4,36061
651,Z,40.683478,-73.872548,Crescent St.,47,36047117800,"Census Tract 1178, Kings County, New York",36047117800,4,0.6,12,2.4,36061
652,J,40.690142,-73.871633,Cypress Hills,47,36047118201,"Census Tract 1182.01, Kings County, New York",36047118201,4,0.3,4,0.5,42301
653,L,40.717821,-73.957568,Bedford Ave.,47,36047055300,"Census Tract 553, Kings County, New York",36047055300,235,11.3,184,12.9,80909
654,L,40.713908,-73.949262,Lorimer St.,47,36047050300,"Census Tract 503, Kings County, New York",36047050300,194,12.3,50,4.1,69712
655,L,40.714439,-73.94419,Graham Ave.,47,36047049700,"Census Tract 497, Kings County, New York",36047049700,247,11.7,156,10.6,79934
656,L,40.711912,-73.940433,Grand St.,47,36047048500,"Census Tract 485, Kings County, New York",36047048500,268,12.4,70,7.3,85924
657,L,40.706073,-73.933633,Morgan Ave.,47,36047048500,"Census Tract 485, Kings County, New York",36047048500,268,12.4,70,7.3,85924
658,L,40.707819,-73.939749,Montrose Ave.,47,36047049300,"Census Tract 493, Kings County, New York",36047049300,183,5.1,82,2.5,30613
659,L,40.707229,-73.923725,Jefferson St.,47,36047044700,"Census Tract 447, Kings County, New York",36047044700,95,8,69,8.7,50114
660,L,40.704379,-73.919026,DeKalb Ave.,47,36047044500,"Census Tract 445, Kings County, New York",36047044500,149,5.9,17,1.1,42894
661,L,40.699468,-73.910648,Myrtle-Wyckoff Aves.,47,36047043900,"Census Tract 439, Kings County, New York",36047043900,108,6.2,70,5.4,40455
662,L,40.695201,-73.903764,Halsey St.,47,36047043900,"Census Tract 439, Kings County, New York",36047043900,108,6.2,70,5.4,40455
663,M,40.699468,-73.910648,Myrtle-Wyckoff Aves.,47,36047043900,"Census Tract 439, Kings County, New York",36047043900,108,6.2,70,5.4,40455
664,L,40.688805,-73.904741,Wilson Ave.,47,36047040900,"Census Tract 409, Kings County, New York",36047040900,89,5.6,17,1.4,37635
665,L,40.6823,-73.905149,Bushwick Ave.-Aberdeen St.,47,36047040500,"Census Tract 405, Kings County, New York",36047040500,8,1.2,30,5.6,40815
666,L,40.668527,-73.901765,Sutter Ave.,47,36047090800,"Census Tract 908, Kings County, New York",36047090800,0,0,4,0.3,12863
667,L,40.663749,-73.900482,Livonia Ave.,47,36047113200,"Census Tract 1132, Kings County, New York",36047113200,8,0.8,0,0,49250
668,L,40.659041,-73.899409,New Lots Ave.,47,36047092000,"Census Tract 920, Kings County, New York",36047092000,0,0,50,4.2,32292
669,L,40.651278,-73.898862,East 105 St.,47,36047109800,"Census Tract 1098, Kings County, New York",36047109800,0,0,13,2.2,43664
670,L,40.645957,-73.901755,Canarsie-Rockaway Parkway,47,36047097400,"Census Tract 974, Kings County, New York",36047097400,13,1.2,7,0.9,56992
671,M,40.698717,-73.918655,Knickerbocker Ave.,47,36047043100,"Census Tract 431, Kings County, New York",36047043100,115,4.2,29,1.7,42269
672,M,40.698033,-73.926371,Central Ave.,47,36047042300,"Census Tract 423, Kings County, New York",36047042300,75,3.1,9,0.7,51083
673,N,40.596459,-73.978943,Ave. U,47,36047040000,"Census Tract 400, Kings County, New York",36047040000,47,3.3,0,0,41759
674,N,40.603212,-73.980199,Kings Highway,47,36047040800,"Census Tract 408, Kings County, New York",36047040800,14,0.9,49,4.7,59056
675,N,40.610572,-73.981613,Bay Parkway,47,36047043200,"Census Tract 432, Kings County, New York",36047043200,49,2.1,37,2.3,48574
676,N,40.617341,-73.98484,20 Ave.,47,36047025400,"Census Tract 254, Kings County, New York",36047025400,135,7.2,7,0.6,48261
677,N,40.621306,-73.991469,18 Ave.,47,36047024800,"Census Tract 248, Kings County, New York",36047024800,17,1.2,22,2.5,46310
678,N,40.624246,-73.995962,New Utrecht Ave.,47,36047025000,"Census Tract 250, Kings County, New York",36047025000,5,0.7,21,4.2,46190
679,N,40.630609,-74.004067,Fort Hamilton Parkway,47,36047021400,"Census Tract 214, Kings County, New York",36047021400,20,1.9,13,2.3,55184
680,N,40.634552,-74.010726,8 Ave.,47,36047011800,"Census Tract 118, Kings County, New York",36047011800,6,0.6,3,0.5,31447
681,N,40.641633,-74.017362,59 St.,47,36047007400,"Census Tract 74, Kings County, New York",36047007400,36,1.4,93,6.4,46204
682,R,40.641633,-74.017362,59 St.,47,36047007400,"Census Tract 74, Kings County, New York",36047007400,36,1.4,93,6.4,46204
683,Q,40.576234,-73.967561,Ocean Parkway,47,36047036001,"Census Tract 360.01, Kings County, New York",36047036001,5,0.5,131,8.1,22384
684,Q,40.59502,-73.95512,Neck Rd.,47,36047058600,"Census Tract 586, Kings County, New York",36047058600,4,0.4,20,2.6,56797
685,Q,40.598991,-73.955828,Ave. U,47,36047058000,"Census Tract 580, Kings County, New York",36047058000,52,3,33,2.6,40675
686,Q,40.617928,-73.959454,Ave. M,47,36047076800,"Census Tract 768, Kings County, New York",36047076800,26,1.9,64,5.7,44858
687,Q,40.62514,-73.960798,Ave. J,47,36047053200,"Census Tract 532, Kings County, New York",36047053200,15,1.6,46,5,49395
688,Q,40.629884,-73.961882,Ave. H,47,36047053200,"Census Tract 532, Kings County, New York",36047053200,15,1.6,46,5,49395
689,Q,40.644272,-73.964528,Beverly Rd.,47,36047152200,"Census Tract 1522, Kings County, New York",36047152200,152,8.2,159,14.7,81618
690,Q,40.655221,-73.961516,Parkside Ave.,47,36047079802,"Census Tract 798.02, Kings County, New York",36047079802,236,8,50,2.1,53221
691,R,40.617363,-74.030404,Bay Ridge-95 St.,47,36047005800,"Census Tract 58, Kings County, New York",36047005800,52,2.8,75,5,50528
692,R,40.623498,-74.028204,86 St.,47,36047006200,"Census Tract 62, Kings County, New York",36047006200,35,2.7,53,4.5,47050
693,R,40.629503,-74.025452,77 St.,47,36047013600,"Census Tract 136, Kings County, New York",36047013600,118,5.8,103,6.9,66375
694,R,40.635468,-74.023313,Bay Ridge Ave.,47,36047006800,"Census Tract 68, Kings County, New York",36047006800,5,0.2,50,2.7,40857
695,R,40.645619,-74.013688,53 St.,47,36047007800,"Census Tract 78, Kings County, New York",36047007800,70,2.7,60,3.9,42000
696,R,40.649389,-74.009333,45 St.,47,36047008000,"Census Tract 80, Kings County, New York",36047008000,85,4,62,4.8,53380
697,R,40.660489,-73.99822,25 St.,47,36047010100,"Census Tract 101, Kings County, New York",36047010100,84,3.8,50,3.3,43779
698,R,40.665299,-73.992729,Prospect Ave.,47,36047014300,"Census Tract 143, Kings County, New York",36047014300,167,7,212,13.9,80170
699,R,40.677171,-73.98302,Union St.,47,36047013300,"Census Tract 133, Kings County, New York",36047013300,383,13.7,423,23.2,144293
